sim_time,job_id,arriving_time,phase1_flow_time,final_flow_time,degradation
4880.0,1,0.0,9432.0,10668.0,1236.0
4880.0,2,0.0,9231.0,9231.0,0.0
4880.0,3,0.0,9666.0,9666.0,0.0
4880.0,4,0.0,8570.0,8570.0,0.0
4880.0,5,4880.0,10022.0,11226.0,1204.0
2358.5,0,0.0,4988.5,4988.5,0.0
2358.5,1,0.0,5410.5,5410.5,0.0
2358.5,2,0.0,3390.5,3390.5,0.0
2358.5,3,0.0,6138.5,6138.5,0.0
2358.5,4,0.0,4994.5,4994.5,0.0
2358.5,5,2358.5,6283.0,6817.0,534.0
2358.5,0,0.0,4988.5,4988.5,0.0
2358.5,1,0.0,5410.5,5410.5,0.0
2358.5,2,0.0,3390.5,3390.5,0.0
2358.5,3,0.0,6138.5,6138.5,0.0
2358.5,4,0.0,4994.5,4994.5,0.0
2358.5,5,2358.5,6283.0,6817.0,534.0
7516.0,0,0.0,15232.0,16376.0,1144.0
7516.0,1,0.0,16107.0,16107.0,0.0
7516.0,2,0.0,11679.0,11679.0,0.0
7516.0,3,0.0,16672.0,16672.0,0.0
7516.0,4,0.0,16530.0,16530.0,0.0
7516.0,5,7516.0,16958.0,18821.0,1863.0
2504.5,0,0.0,6226.5,6226.5,0.0
2504.5,1,0.0,5453.5,5453.5,0.0
2504.5,2,0.0,3390.5,3390.5,0.0
2504.5,3,0.0,6119.5,6719.5,600.0
2504.5,4,0.0,6076.5,6076.5,0.0
2504.5,5,2504.5,6238.0,6671.0,433.0
4543.0,2,0.0,7696.0,7696.0,0.0
4543.0,3,0.0,8868.0,8618.0,-250.0
4543.0,4,0.0,10463.0,7986.0,-2477.0
4543.0,5,0.0,7946.0,8919.0,973.0
4543.0,6,0.0,8973.0,8814.0,-159.0
4543.0,7,0.0,7563.0,8153.0,590.0
4543.0,8,0.0,10520.0,9251.0,-1269.0
4543.0,9,0.0,10368.0,11347.0,979.0
4543.0,10,4543.0,10428.0,11609.0,1181.0
2121.0,0,0.0,4375.0,3192.0,-1183.0
2121.0,1,0.0,3503.0,3605.0,102.0
2121.0,2,0.0,4094.0,4403.0,309.0
2121.0,3,0.0,4291.0,4933.0,642.0
2121.0,4,0.0,4241.0,3763.0,-478.0
2121.0,5,0.0,4351.0,3004.0,-1347.0
2121.0,6,2121.0,4380.0,5025.0,645.0
4060.0,0,0.0,8403.0,8403.0,0.0
4060.0,1,0.0,8562.0,9723.0,1161.0
4060.0,2,0.0,7008.0,7723.0,715.0
4060.0,3,0.0,5327.0,5327.0,0.0
4060.0,4,0.0,11407.0,11407.0,0.0
4060.0,5,0.0,9306.0,7607.0,-1699.0
4060.0,6,0.0,12485.0,12992.0,507.0
4060.0,7,4060.0,12467.0,8839.0,-3628.0
1852.0,0,0.0,3318.0,3318.0,0.0
1852.0,1,0.0,3694.0,3694.0,0.0
1852.0,2,0.0,3694.0,4171.0,477.0
1852.0,3,0.0,3124.0,3124.0,0.0
1852.0,4,1852.0,4115.0,4715.0,600.0
6434.0,1,0.0,13324.0,12235.0,-1089.0
6434.0,2,0.0,36212.0,12365.0,-23847.0
6434.0,4,0.0,28684.0,10924.0,-17760.0
6434.0,5,0.0,21705.0,18985.0,-2720.0
6434.0,6,0.0,12158.0,9176.0,-2982.0
6434.0,7,0.0,11880.0,10754.0,-1126.0
6434.0,8,0.0,30513.0,19513.0,-11000.0
6434.0,9,0.0,20614.0,10462.0,-10152.0
6434.0,12,0.0,15644.0,13728.0,-1916.0
6434.0,13,0.0,16720.0,12602.0,-4118.0
6434.0,14,0.0,8745.0,8745.0,0.0
6434.0,15,6434.0,32664.0,29602.0,-3062.0
