,job,task,node,start_time,finishing_time,execution_time,id_dataset,transfert_time
0,0,-1,57,102.09999999999847,128.3227912932123,26.22279129321383,0,26.22279129321383
1,0,-1,53,102.09999999999847,128.6629053177676,26.562905317769136,0,26.562905317769136
2,0,-1,50,102.09999999999846,129.96394557822975,27.863945578231295,0,27.863945578231295
3,0,-1,62,102.09999999999847,130.50499306518572,28.40499306518724,0,28.40499306518724
4,0,-1,69,102.09999999999849,130.62367688022132,28.523676880222837,0,28.523676880222837
5,0,-1,68,102.09999999999847,130.7834733893542,28.68347338935574,0,28.68347338935574
6,0,-1,54,104.59999999999832,132.57814207650105,27.978142076502735,0,27.978142076502735
7,0,-1,59,102.09999999999846,133.1303030303015,31.03030303030303,0,31.03030303030303
8,0,-1,64,104.59999999999833,133.64964539006925,29.04964539007092,0,29.04964539007092
9,0,-1,63,102.09999999999849,134.9205128205113,32.82051282051282,0,32.82051282051282
10,0,-1,55,102.09999999999847,135.34675324675172,33.246753246753244,0,33.246753246753244
11,0,-1,58,102.09999999999849,135.78421052631427,33.68421052631578,0,33.68421052631578
12,0,-1,51,104.59999999999835,135.91498470947846,31.314984709480115,0,31.314984709480115
13,0,-1,67,104.59999999999835,137.26347687400153,32.66347687400318,0,32.66347687400318
14,0,-1,10,102.09999999999849,156.56808510638146,54.46808510638297,0,54.46808510638297
15,0,-1,23,102.09999999999846,158.83130193905663,56.73130193905817,0,56.73130193905817
16,0,-1,20,104.59999999999832,167.61538461538294,63.01538461538462,0,63.01538461538462
17,1,-1,65,104.59999999999833,197.44974093264082,92.84974093264249,1,92.84974093264249
18,1,-1,70,104.59999999999832,205.13295932678653,100.53295932678822,1,100.53295932678822
19,0,5,57,156.89999999999537,227.90671745790848,71.00671745791311,0,0.0
20,0,11,23,161.99999999999508,236.49403414656035,74.49403414656527,0,0.0
21,3,-1,73,161.9999999999951,239.57575757575268,77.57575757575756,3,77.57575757575756
22,0,4,55,136.79999999999652,241.50678591323762,104.7067859132411,0,0.0
23,3,-1,71,161.99999999999505,243.91999999999507,81.92000000000002,3,81.92000000000002
24,3,-1,59,167.0999999999948,244.67575757575236,77.57575757575756,3,77.57575757575756
25,0,10,10,161.99999999999508,245.54029275668006,83.54029275668498,0,0.0
26,1,-1,57,156.99999999999537,248.77976952624377,91.7797695262484,1,91.7797695262484
27,0,3,53,136.79999999999652,250.44028078212182,113.6402807821253,0,0.0
28,3,-1,63,169.09999999999468,251.15128205127672,82.05128205128204,3,82.05128205128204
29,0,6,50,158.89999999999526,252.01777425637312,93.11777425637786,0,0.0
30,0,1,64,134.69999999999663,254.30165932253416,119.60165932253753,0,0.0
31,1,-1,98,161.99999999999505,255.45501955670954,93.45501955671449,1,93.45501955671449
32,1,-1,87,161.99999999999508,256.5646437994674,94.5646437994723,1,94.5646437994723
33,0,9,69,160.89999999999515,256.58832501020777,95.68832501021262,0,0.0
34,0,8,68,160.89999999999515,257.52924718170874,96.6292471817136,0,0.0
35,1,-1,97,161.99999999999508,258.99594046007627,96.99594046008119,1,96.99594046008119
36,1,-1,82,161.99999999999505,261.2797783933469,99.27977839335182,1,99.27977839335182
37,0,0,54,132.69999999999675,264.0340117480273,131.33401174803055,0,0.0
38,0,7,62,160.89999999999515,264.91961393539657,104.01961393540142,0,0.0
39,0,2,51,136.69999999999652,265.93931162812066,129.23931162812414,0,0.0
40,2,-1,52,136.79999999999654,268.75876288659447,131.95876288659792,2,131.95876288659792
41,3,-1,2,161.99999999999505,268.88935281836666,106.8893528183716,3,106.8893528183716
42,3,-1,5,161.99999999999505,268.88935281836666,106.8893528183716,3,106.8893528183716
43,2,-1,53,136.89999999999654,269.7145265888422,132.81452658884567,2,132.81452658884567
44,2,-1,60,136.79999999999652,275.55338753387184,138.75338753387533,2,138.75338753387533
45,2,-1,56,136.79999999999652,292.4231003039479,155.62310030395136,2,155.62310030395136
46,2,-1,67,137.89999999999642,301.2173843700124,163.31738437001596,2,163.31738437001596
47,3,2,59,245.09999999999036,302.1857349888557,57.08573498886534,3,0.0
48,2,-1,62,160.99999999999517,303.02496532593136,142.0249653259362,2,142.0249653259362
49,1,3,82,262.0999999999911,304.10569349054924,42.005693490558144,1,0.0
50,1,2,97,259.0999999999904,316.6273829202988,57.52738292030841,1,0.0
51,1,0,98,256.09999999998973,320.56711062902775,64.46711062903802,1,0.0
52,1,1,87,257.09999999998996,320.8807661413276,63.780766141337665,1,0.0
53,3,3,63,252.09999999998996,321.1409914361777,69.04099143618777,3,0.0
54,2,-1,66,161.9999999999951,328.5040650406455,166.5040650406504,2,166.5040650406504
55,3,6,59,302.40000000000026,359.4857349888656,57.08573498886534,3,0.0
56,1,4,57,360.40000000001345,370.5438167797153,10.143816779701865,1,0.0
57,3,1,71,244.09999999999042,379.6966892468277,135.5966892468373,3,0.0
58,2,-1,57,248.89999999999017,380.0139564660593,131.11395646606914,2,131.11395646606914
59,1,5,57,370.60000000001577,380.74381677971763,10.143816779701865,1,0.0
60,3,0,73,240.09999999999064,382.73669830080337,142.63669830081272,3,0.0
61,3,4,2,269.0999999999927,386.7699487422838,117.66994874229113,3,0.0
62,3,5,5,269.0999999999927,390.701961292233,121.60196129224033,3,0.0
63,1,6,57,380.8000000000181,390.94381677971995,10.143816779701865,1,0.0
64,2,-1,64,255.09999999998976,400.3482269503444,145.24822695035462,2,145.24822695035462
65,1,7,57,391.0000000000204,401.1438167797223,10.143816779701865,1,0.0
66,1,8,57,401.2000000000227,411.3438167797246,10.143816779701865,1,0.0
67,3,7,59,359.50000000001324,416.5857349888786,57.08573498886534,3,0.0
68,4,-1,65,295.3999999999986,428.04248704663075,132.64248704663214,4,132.64248704663214
69,4,-1,61,295.3999999999987,432.66541554959656,137.26541554959783,4,137.26541554959783
70,4,-1,50,295.3999999999986,434.7197278911551,139.3197278911565,4,139.3197278911565
71,2,-1,54,295.3999999999986,435.2907103825123,139.8907103825137,2,139.8907103825137
72,4,-1,69,295.39999999999867,438.0183844011129,142.6183844011142,4,142.6183844011142
73,4,-1,68,295.39999999999867,438.8173669467774,143.4173669467787,4,143.4173669467787
74,4,-1,70,295.39999999999867,439.01851332398184,143.61851332398317,4,143.61851332398317
75,4,-1,59,302.50000000000034,457.65151515151547,155.15151515151513,4,155.15151515151513
76,4,-1,57,360.50000000001353,491.61395646608264,131.1139564660691,4,131.1139564660691
77,2,2,60,295.39999999999867,492.4828998300968,197.08289983009814,2,0.0
78,2,1,56,295.39999999999867,513.0617436914454,217.6617436914467,2,0.0
79,2,0,52,295.39999999999867,546.4530393271598,251.05303932716112,2,0.0
80,2,3,53,384.4000000000189,546.7432582601979,162.34325826017897,2,0.0
81,5,-1,82,408.3000000000243,550.1282548476697,141.82825484764544,5,141.82825484764544
82,5,-1,64,408.4000000000244,553.648226950379,145.2482269503546,5,145.2482269503546
83,4,-1,73,408.3000000000244,563.4515151515395,155.15151515151513,4,155.15151515151513
84,5,-1,51,408.30000000002434,564.8749235474249,156.5749235474006,5,156.5749235474006
85,5,-1,67,408.4000000000244,571.7173843700403,163.31738437001593,5,163.31738437001593
86,4,-1,71,408.3000000000243,572.1400000000243,163.84000000000003,4,163.84000000000003
87,4,-1,63,408.3000000000244,572.4025641025885,164.1025641025641,4,164.1025641025641
88,5,-1,50,436.30000000003065,575.6197278911872,139.3197278911565,5,139.3197278911565
89,2,5,67,408.30000000002434,576.1605210790169,167.86052107899258,2,0.0
90,5,-1,54,436.30000000003065,576.1907103825444,139.8907103825137,5,139.8907103825137
91,4,-1,58,408.3000000000243,576.7210526316032,168.42105263157896,4,168.42105263157896
92,2,4,64,408.30000000002434,579.1595133179351,170.85951331791074,2,0.0
93,5,-1,62,448.30000000003344,590.3249653259696,142.0249653259362,5,142.0249653259362
94,5,-1,57,492.4000000000435,623.5139564661126,131.1139564660691,5,131.1139564660691
95,5,4,50,576.3000000000625,642.8126958974752,66.51269589741275,5,0.0
96,4,3,59,573.3000000000618,653.2200289844733,79.92002898441149,4,0.0
97,6,-1,53,631.0000000000749,657.5629053178441,26.56290531776915,6,26.56290531776915
98,5,2,51,565.30000000006,657.6137940201487,92.31379402008872,5,0.0
99,6,-1,60,631.0000000000749,658.75067750685,27.750677506775105,6,27.750677506775105
100,5,3,67,576.2000000000625,660.1302605395588,83.93026053949632,5,0.0
101,6,-1,95,631.0000000000749,660.7242380261997,29.724238026124794,6,29.724238026124794
102,6,-1,85,631.0000000000749,662.0303030303779,31.030303030303003,6,31.030303030303003
103,6,-1,56,631.0000000000749,662.1246200608651,31.12462006079022,6,31.12462006079022
104,6,-1,55,631.0000000000749,664.2467532468281,33.2467532467532,6,33.2467532467532
105,5,6,64,579.2000000000631,664.6297566590185,85.4297566589554,5,0.0
106,5,7,62,591.3000000000659,665.5997242396384,74.29972423957247,5,0.0
107,6,-1,70,640.100000000077,668.8237026648736,28.723702664796633,6,28.723702664796633
108,4,4,63,573.3000000000618,669.9573880107247,96.65738801066288,4,0.0
109,5,5,54,576.3000000000625,670.1100083915129,93.81000839145042,5,0.0
110,6,-1,90,640.100000000077,670.8046476762389,30.704647676161926,6,30.704647676161926
111,6,-1,94,640.100000000077,671.4149847095571,31.314984709480086,6,31.314984709480086
112,6,-1,66,640.100000000077,673.400813008207,33.300813008130035,6,33.300813008130035
113,6,-1,80,640.100000000077,673.4550488600119,33.35504885993487,6,33.35504885993487
114,5,0,57,623.519999999982,674.2390838984913,50.719083898509325,5,0.0
115,4,6,69,582.3000000000638,677.9883250102765,95.68832501021268,4,0.0
116,4,5,58,577.3000000000627,679.3518497336244,102.05184973356165,4,0.0
117,4,7,68,584.3000000000643,680.9292471817779,96.6292471817136,4,0.0
118,6,3,66,674.1000000000847,697.0235950259844,22.923595025899658,6,0.0
119,6,0,70,669.1000000000836,697.5653119856038,28.465311985520202,6,0.0
120,6,5,53,685.1000000000872,701.3343258261051,16.23432582601788,6,0.0
121,7,-1,57,640.100000000077,705.6569782331115,65.55697823303456,7,65.55697823303456
122,6,6,60,687.1000000000877,706.8082899830974,19.708289983009763,6,0.0
123,6,7,55,694.9000000000894,709.8581122734096,14.958112273320125,6,0.0
124,6,2,94,672.1000000000843,715.0304288440695,42.93042884398528,6,0.0
125,6,4,80,674.1000000000847,722.8080359366517,48.708035936566944,6,0.0
126,6,1,90,671.100000000084,723.6673545119071,52.567354511823055,6,0.0
127,8,-1,95,694.9000000000894,724.6242380262142,29.724238026124794,8,29.724238026124794
128,8,-1,63,694.9000000000894,727.7205128206023,32.82051282051282,8,32.82051282051282
129,9,-1,53,701.900000000091,728.4629053178602,26.56290531776915,9,26.56290531776915
130,8,-1,58,694.9000000000894,728.5842105264053,33.68421052631584,8,33.68421052631584
131,9,-1,56,697.9000000000901,729.0246200608804,31.12462006079022,9,31.12462006079022
132,9,-1,66,697.9000000000901,731.2008130082202,33.300813008130035,9,33.300813008130035
133,4,10,59,654.1000000000802,734.0200289844917,79.92002898441149,4,0.0
134,9,-1,60,706.9000000000922,734.6506775068673,27.750677506775105,9,27.750677506775105
135,4,9,50,643.1000000000777,736.2177742564555,93.11777425637786,4,0.0
136,6,8,85,694.9000000000894,737.6184345351197,42.71843453503027,6,0.0
137,9,-1,21,697.9000000000901,740.1268041238014,42.226804123711304,9,42.226804123711304
138,5,11,62,666.1000000000829,740.3997242396554,74.29972423957247,5,0.0
139,9,-1,55,709.9000000000929,743.1467532468461,33.2467532467532,9,33.2467532467532
140,5,9,67,660.2000000000816,744.1302605395779,83.93026053949632,5,0.0
141,5,10,64,664.7000000000826,750.129756659038,85.4297566589554,5,0.0
142,5,8,51,658.1000000000811,750.4137940201698,92.31379402008872,5,0.0
143,9,-1,13,697.9000000000901,751.0948051948953,53.19480519480521,9,53.19480519480521
144,6,-1,23,697.9000000000901,754.6313019391483,56.7313019390582,6,56.7313019390582
145,9,-1,6,697.9000000000901,757.7830409357626,59.88304093567251,9,59.88304093567251
146,9,-1,18,697.9000000000901,758.8523809524711,60.95238095238096,9,60.95238095238096
147,5,1,82,550.3000000000566,760.3284674528472,210.02846745279066,5,0.0
148,9,-1,20,697.9000000000901,760.9153846154747,63.01538461538462,9,63.01538461538462
149,9,-1,63,728.6000000000971,761.4205128206099,32.82051282051282,9,32.82051282051282
150,4,2,71,572.3000000000616,762.1353649456338,189.83536494557222,4,0.0
151,4,0,73,564.3000000000598,763.9913776211977,199.69137762113792,4,0.0
152,5,12,54,671.100000000084,764.9100083915345,93.81000839145042,5,0.0
153,7,-1,68,694.9000000000894,766.6086834734788,71.70868347338933,7,71.70868347338933
154,9,-1,62,740.6000000000998,769.0049930652871,28.404993065187227,9,28.404993065187227
155,8,-1,7,697.9000000000901,770.7825622776702,72.88256227758006,8,72.88256227758006
156,9,-1,8,697.9000000000901,771.3050179212371,73.40501792114696,9,73.40501792114696
157,4,1,61,572.3000000000616,773.2719936813555,200.97199368129395,4,0.0
158,9,-1,1,697.9000000000901,773.4719557196473,75.5719557195572,9,75.5719557195572
159,7,0,57,705.6600000000562,776.6667174579693,71.00671745791306,7,0.0
160,8,-1,10,722.6000000000957,777.0680851064787,54.468085106383,8,54.468085106383
161,9,-1,67,744.6000000001007,777.263476874104,32.66347687400321,9,32.66347687400321
162,9,-1,64,749.6000000001019,778.6496453901729,29.049645390070964,9,29.049645390070964
163,8,0,10,777.6000000001083,789.5343275367775,11.93432753666923,8,0.0
164,4,11,69,694.9000000000894,790.5883250103021,95.68832501021268,4,0.0
165,9,-1,4,697.9000000000901,794.0502347418742,96.15023474178406,9,96.15023474178406
166,9,-1,68,767.600000000106,796.2834733894617,28.683473389355754,9,28.683473389355754
167,8,1,10,789.600000000111,801.5343275367802,11.93432753666923,8,0.0
168,4,8,65,631.0000000000749,803.070618924454,172.07061892437912,4,0.0
169,7,-1,59,734.7000000000985,812.2757575758561,77.57575757575762,7,77.57575757575762
170,4,12,59,734.6000000000985,814.52002898451,79.92002898441149,4,0.0
171,9,-1,69,790.6000000001112,819.1236768803341,28.523676880222865,9,28.523676880222865
172,6,-1,57,793.1000000001118,819.3227912933256,26.222791293213845,6,26.222791293213845
173,9,-1,82,795.7000000001124,824.0656509696414,28.365650969529042,9,28.365650969529042
174,5,13,57,776.700000000108,827.4190838986174,50.719083898509325,5,0.0
175,6,9,57,827.5000000001196,837.6438167798215,10.143816779701865,6,0.0
176,6,-1,57,812.0000000001161,838.2227912933299,26.222791293213845,6,26.222791293213845
177,9,-1,7,771.6000000001069,844.482562277687,72.88256227758006,9,72.88256227758006
178,8,-1,59,814.7000000001167,845.7303030304197,31.030303030303003,8,31.030303030303003
179,6,10,57,837.7000000001219,847.8438167798238,10.143816779701865,6,0.0
180,11,-1,98,795.7000000001124,849.1028683182349,53.4028683181225,11,53.4028683181225
181,11,-1,99,795.7000000001124,850.9766531715023,55.27665317138997,11,55.27665317138997
182,11,-1,97,795.7000000001124,851.1262516915873,55.42625169147493,11,55.42625169147493
183,11,-1,68,796.7000000001126,854.0669467788241,57.36694677871151,11,57.36694677871151
184,10,-1,52,722.6000000000957,854.5587628866937,131.95876288659792,10,131.95876288659792
185,9,0,63,761.6000000001046,858.2573880107675,96.65738801066288,9,0.0
186,11,-1,74,795.7000000001124,858.3299694190727,62.629969418960286,11,62.629969418960286
187,10,-1,53,729.6000000000973,862.414526588943,132.81452658884564,10,132.81452658884564
188,11,-1,57,812.1000000001161,864.5455825865438,52.44558258642769,11,52.44558258642769
189,10,-1,70,722.6000000000957,866.2185133240789,143.61851332398317,10,143.61851332398317
190,9,2,62,769.6000000001064,873.6196139355079,104.01961393540148,9,0.0
191,10,-1,50,736.6000000000989,875.9197278912554,139.3197278911565,10,139.3197278911565
192,11,-1,69,819.9000000001179,876.9473537605636,57.04735376044573,11,57.04735376044573
193,10,-1,56,730.6000000000976,886.2231003040489,155.62310030395133,10,155.62310030395133
194,8,2,59,878.9000000001313,890.3171469979044,11.417146997773102,8,0.0
195,9,-1,57,864.8000000001281,891.0227912933419,26.222791293213845,9,26.222791293213845
196,10,-1,72,722.6000000000957,892.4175787728984,169.81757877280268,10,169.81757877280268
197,9,3,67,777.6000000001083,895.1023647554031,117.50236475529482,9,0.0
198,10,-1,58,729.6000000000973,898.0210526316763,168.42105263157896,10,168.42105263157896
199,10,-1,66,732.600000000098,899.1040650407484,166.5040650406504,10,166.5040650406504
200,9,4,64,779.6000000001087,899.2016593226463,119.60165932253756,9,0.0
201,9,1,60,763.6000000001051,901.5580298811738,137.95802988106868,9,0.0
202,8,3,59,890.4000000001339,901.817146997907,11.417146997773102,8,0.0
203,10,-1,60,763.6000000001051,902.3533875339804,138.7533875338753,10,138.7533875338753
204,11,-1,2,817.9000000001174,903.4114822548147,85.51148225469728,11,85.51148225469728
205,11,-1,5,817.9000000001174,903.4114822548147,85.51148225469728,11,85.51148225469728
206,10,-1,54,765.6000000001055,905.4907103826192,139.8907103825137,10,139.8907103825137
207,13,-1,52,854.9000000001258,907.683505154765,52.783505154639215,13,52.783505154639215
208,10,-1,61,773.6000000001073,910.8654155497052,137.26541554959783,10,137.26541554959783
209,13,-1,68,855.0000000001259,912.3669467788374,57.36694677871151,13,57.36694677871151
210,8,4,59,901.9000000001365,913.3171469979096,11.417146997773102,8,0.0
211,11,-1,53,862.9000000001276,916.025810635666,53.1258106355383,11,53.1258106355383
212,11,-1,70,866.9000000001286,924.3474053297218,57.447405329593266,11,57.447405329593266
213,8,5,59,913.4000000001391,924.8171469979122,11.417146997773102,8,0.0
214,10,-1,71,762.6000000001048,926.4400000001049,163.84000000000003,10,163.84000000000003
215,11,-1,10,817.9000000001174,926.8361702128834,108.936170212766,11,108.936170212766
216,9,-1,72,892.9000000001345,926.863515754695,33.96351575456049,9,33.96351575456049
217,11,-1,62,873.9000000001301,930.7099861305046,56.809986130374455,11,56.809986130374455
218,13,-1,50,877.0000000001309,932.7278911565934,55.72789115646253,13,55.72789115646253
219,10,-1,65,803.7000000001142,936.3424870467463,132.64248704663214,10,132.64248704663214
220,11,-1,8,793.0000000001118,939.8100358424057,146.81003584229393,11,146.81003584229393
221,5,14,50,876.9000000001308,943.4126958975436,66.51269589741275,5,0.0
222,11,-1,20,817.9000000001174,943.9307692308867,126.03076923076924,11,126.03076923076924
223,12,-1,95,795.7000000001124,944.3211901307365,148.6211901306241,12,148.6211901306241
224,11,0,69,877.9000000001311,946.2488035788544,68.34880357872339,11,0.0
225,10,-1,73,793.0000000001118,948.1515151516269,155.15151515151513,10,155.15151515151513
226,12,-1,90,795.7000000001124,949.223238380922,153.52323838080963,12,153.52323838080963
227,10,-1,51,793.0000000001116,949.5749235475123,156.57492354740066,10,156.57492354740066
228,12,-1,85,795.7000000001124,950.8515151516275,155.15151515151513,12,155.15151515151513
229,9,6,68,854.9000000001258,951.5292471818394,96.6292471817136,9,0.0
230,12,-1,94,795.7000000001124,952.274923547513,156.57492354740066,12,156.57492354740066
231,9,-1,70,925.800000000142,954.5237026649386,28.723702664796633,9,28.723702664796633
232,7,-1,23,812.7000000001162,954.5282548477617,141.82825484764544,7,141.82825484764544
233,11,-1,9,793.0000000001118,955.5396825397943,162.53968253968253,11,162.53968253968253
234,9,7,63,858.9000000001267,955.5573880107896,96.65738801066288,9,0.0
235,11,-1,64,899.9000000001361,957.9992907802779,58.099290780141814,11,58.099290780141814
236,11,-1,60,902.6000000001367,958.1013550136868,55.501355013550096,11,55.501355013550096
237,10,-1,55,793.0000000001118,959.233766233878,166.23376623376623,10,166.23376623376623
238,13,-1,67,896.0000000001352,961.3269537481416,65.32695374800642,13,65.32695374800642
239,9,8,57,891.0300000001042,962.0367174580173,71.00671745791306,9,0.0
240,12,-1,80,795.7000000001124,962.4752442997866,166.77524429967423,12,166.77524429967423
241,13,-1,66,899.9000000001361,966.5016260163962,66.60162601626018,13,66.60162601626018
242,13,-1,53,916.9000000001399,970.0258106356782,53.1258106355383,13,53.1258106355383
243,11,-1,4,795.0000000001121,987.3004694836802,192.30046948356812,11,192.30046948356812
244,9,10,7,917.9000000001402,988.8098263550687,70.90982635492855,9,0.0
245,11,-1,71,926.8000000001421,992.3360000001421,65.53600000000006,11,65.53600000000006
246,10,-1,57,864.9000000001281,996.0139564661972,131.1139564660691,10,131.1139564660691
247,11,3,53,916.9000000001399,998.0716291302294,81.17162913008951,11,0.0
248,11,-1,50,943.800000000146,999.5278911566086,55.72789115646253,11,55.72789115646253
249,13,-1,24,922.8000000001413,1006.3918367348351,83.59183673469386,13,83.59183673469386
250,8,-1,23,954.8000000001485,1011.5313019392067,56.7313019390582,8,56.7313019390582
251,9,9,67,895.9000000001352,1013.40236475543,117.50236475529482,9,0.0
252,13,-1,60,958.8000000001495,1014.3013550136995,55.501355013550096,13,55.501355013550096
253,13,-1,94,952.8000000001481,1015.4299694191084,62.629969418960286,13,62.629969418960286
254,13,-1,64,959.8000000001497,1017.8992907802915,58.099290780141814,13,58.099290780141814
255,12,-1,69,877.9000000001311,1020.5183844012453,142.6183844011142,12,142.6183844011142
256,11,4,68,951.8000000001479,1020.820890844229,69.02089084408112,11,0.0
257,11,1,2,903.900000000137,1021.5699487424281,117.66994874229113,11,0.0
258,10,-1,63,859.0000000001268,1023.1025641026908,164.1025641025641,10,164.1025641025641
259,11,2,5,903.900000000137,1025.5019612923772,121.60196129224028,11,0.0
260,13,-1,55,960.8000000001499,1027.2935064936564,66.49350649350652,13,66.49350649350652
261,15,-1,87,1001.500000000159,1028.5184696571512,27.018469656992124,15,27.018469656992124
262,15,-1,88,1001.5000000001592,1029.0268817205892,27.526881720430083,15,27.526881720430083
263,10,-1,21,817.9000000001174,1029.034020618674,211.13402061855663,10,211.13402061855663
264,15,-1,74,1001.5000000001592,1032.8149847096392,31.314984709480086,15,31.314984709480086
265,7,1,57,962.1000000001502,1033.1067174580633,71.00671745791306,7,0.0
266,15,-1,84,1001.5000000001592,1033.1537867080417,31.653786707882546,15,31.653786707882546
267,10,-1,59,878.9000000001314,1034.0515151516465,155.15151515151513,10,155.15151515151513
268,9,11,62,931.8000000001433,1035.8196139355448,104.01961393540148,9,0.0
269,9,12,69,946.8000000001467,1042.4883250103594,95.68832501021268,9,0.0
270,14,-1,68,951.900000000148,1052.292156862893,100.39215686274508,14,100.39215686274508
271,15,-1,97,1026.400000000162,1054.1131258458995,27.713125845737522,15,27.713125845737522
272,15,-1,63,1024.5000000001637,1057.3205128206764,32.820512820512704,15,32.820512820512704
273,13,-1,71,992.8000000001571,1058.3360000001571,65.53600000000006,13,65.53600000000006
274,12,-1,61,922.8000000001413,1060.065415549739,137.26541554959783,12,137.26541554959783
275,14,-1,51,950.8000000001476,1060.402446483328,109.60244648318042,14,109.60244648318042
276,13,-1,95,1001.5000000001592,1060.9484760524088,59.44847605224959,13,59.44847605224959
277,13,-1,90,1001.5000000001592,1062.909295352483,61.40929535232385,13,61.40929535232385
278,13,-1,7,917.9000000001402,1063.6651245553003,145.76512455516013,13,145.76512455516013
279,11,6,50,999.8000000001588,1066.3126958975715,66.51269589741275,11,0.0
280,13,-1,80,1001.5000000001592,1068.210097720029,66.71009771986974,13,66.71009771986974
281,9,-1,23,1012.5000000001615,1069.2313019392197,56.7313019390582,9,56.7313019390582
282,8,-1,57,1043.8000000001462,1070.02279129336,26.22279129321373,8,26.22279129321373
283,13,-1,20,945.8000000001466,1071.8307692309158,126.03076923076924,13,126.03076923076924
284,15,-1,69,1043.5000000001464,1072.0236768803693,28.523676880222865,15,28.523676880222865
285,8,6,57,1070.0300000001223,1080.1738167798242,10.143816779701865,8,0.0
286,8,7,57,1080.200000000113,1090.343816779815,10.143816779701865,8,0.0
287,14,-1,53,998.9000000001585,1091.8701686123504,92.97016861219197,14,92.97016861219197
288,15,-1,95,1062.5000000001291,1092.224238026254,29.724238026124794,15,29.724238026124794
289,13,-1,62,1036.5000000001528,1093.3099861305272,56.809986130374455,13,56.809986130374455
290,14,-1,50,999.8000000001588,1097.3238095239683,97.52380952380952,14,97.52380952380952
291,15,-1,60,1072.60000000012,1100.350677506895,27.75067750677499,15,27.75067750677499
292,8,8,57,1090.4000000001038,1100.5438167798056,10.143816779701865,8,0.0
293,10,-1,57,971.0000000001523,1102.1139564662215,131.1139564660691,10,131.1139564660691
294,13,-1,22,922.8000000001413,1102.4491228071588,179.64912280701753,13,179.64912280701753
295,14,-1,13,922.8000000001412,1108.9818181819594,186.18181818181824,14,186.18181818181824
296,15,-1,94,1080.5000000001128,1111.8149847095929,31.314984709480086,15,31.314984709480086
297,13,-1,5,1026.400000000162,1111.9114822548593,85.51148225469728,13,85.51148225469728
298,11,5,71,992.8000000001572,1128.3966892469944,135.59668924683717,11,0.0
299,10,1,53,998.8000000001585,1128.6746066083017,129.87460660814315,10,0.0
300,14,-1,57,1043.900000000146,1135.6797695263945,91.7797695262484,14,91.7797695262484
301,11,-1,58,1068.5000000001237,1135.8684210527554,67.36842105263167,11,67.36842105263167
302,14,-1,18,922.8000000001413,1136.1333333334746,213.33333333333337,14,213.33333333333337
303,15,-1,73,1106.5000000000891,1137.5303030303921,31.030303030303003,15,31.030303030303003
304,15,-1,85,1108.5000000000873,1139.5303030303903,31.030303030303003,15,31.030303030303003
305,11,7,2,1022.5000000001639,1140.169948742455,117.66994874229113,11,0.0
306,15,-1,57,1114.5000000000819,1140.7227912932956,26.22279129321373,15,26.22279129321373
307,16,-1,69,1072.50000000012,1143.8091922006772,71.30919220055716,16,71.30919220055716
308,14,-1,55,1028.50000000016,1144.8636363637963,116.36363636363626,14,116.36363636363626
309,13,-1,6,1026.400000000162,1146.166081871507,119.76608187134502,13,119.76608187134502
310,9,5,82,853.9000000001256,1147.9398544340327,294.03985443390707,9,0.0
311,15,-1,80,1115.400000000081,1148.755048860016,33.35504885993487,15,33.35504885993487
312,9,13,70,954.8000000001485,1154.0571838987903,199.25718389864176,9,0.0
313,12,-1,11,922.8000000001414,1158.202298850716,235.40229885057465,12,235.40229885057465
314,13,0,52,907.9000000001379,1158.953039327299,251.05303932716106,13,0.0
315,13,2,68,1021.5000000001637,1159.541781688326,138.04178168816225,13,0.0
316,15,-1,71,1128.5000000000691,1161.2680000000692,32.76800000000003,15,32.76800000000003
317,10,0,72,927.8000000001424,1167.6851949461786,239.88519494603622,10,0.0
318,15,1,69,1072.50000000012,1168.1883250103326,95.68832501021257,15,0.0
319,13,-1,8,1026.400000000162,1173.210035842456,146.81003584229393,13,146.81003584229393
320,14,-1,63,1058.5000000001328,1173.3717948719277,114.87179487179492,14,114.87179487179492
321,17,-1,68,1160.7000000000398,1175.0417366947177,14.34173669467782,17,14.34173669467782
322,15,-1,82,1148.500000000051,1176.86565096958,28.365650969529042,15,28.365650969529042
323,13,-1,1,1026.400000000162,1177.5439114392764,151.1439114391144,13,151.1439114391144
324,14,-1,64,1079.5000000001137,1181.1737588653618,101.67375886524815,14,101.67375886524815
325,13,1,67,1013.5000000001619,1181.3605210791545,167.86052107899263,13,0.0
326,16,-1,61,1115.400000000081,1184.03270777488,68.63270777479897,16,68.63270777479897
327,10,3,66,1001.5000000001592,1184.8887602073567,183.3887602071975,10,0.0
328,15,-1,52,1159.6000000000408,1185.9917525773603,26.391752577319494,15,26.391752577319494
329,13,-1,9,1026.400000000162,1188.9396825398444,162.53968253968242,13,162.53968253968242
330,17,0,68,1175.5000000000264,1189.3041781688426,13.804178168816179,17,0.0
331,14,-1,62,1093.500000000101,1192.9174757282562,99.4174757281553,14,99.4174757281553
332,15,-1,31,1115.400000000081,1195.400000000081,80.0,15,80.0
333,10,4,54,1046.5000000001437,1196.5960134264644,150.09601342632072,10,0.0
334,10,2,65,1001.5000000001592,1198.1521359137353,196.6521359135761,10,0.0
335,5,-1,56,1043.5000000001464,1199.1231003040978,155.62310030395133,5,155.62310030395133
336,13,3,50,1066.5000000001255,1199.525391794951,133.0253917948255,13,0.0
337,5,-1,10,927.8000000001423,1200.1404255320572,272.3404255319149,5,272.3404255319149
338,9,14,23,1128.5000000000691,1202.9940341466345,74.49403414656535,9,0.0
339,17,1,68,1189.4000000000137,1203.20417816883,13.804178168816179,17,0.0
340,10,5,51,1061.50000000013,1209.202070432272,147.7020704321419,10,0.0
341,11,-1,7,1064.5000000001273,1210.2651245552875,145.76512455516013,11,145.76512455516013
342,13,-1,70,1154.5000000000455,1211.9474053296387,57.447405329593266,13,57.447405329593266
343,14,0,57,1135.6800000000626,1216.8305342376775,81.15053423761492,14,0.0
344,17,2,68,1203.300000000001,1217.1041781688173,13.804178168816179,17,0.0
345,13,-1,4,1026.400000000162,1218.70046948373,192.30046948356812,13,192.30046948356812
346,16,-1,21,1115.400000000081,1220.9670103093595,105.56701030927843,16,105.56701030927843
347,16,-1,58,1137.500000000061,1221.7105263158505,84.2105263157896,16,84.2105263157896
348,10,6,60,1072.50000000012,1230.1663198641986,157.66631986407856,10,0.0
349,16,-1,20,1073.5000000001191,1231.0384615385806,157.53846153846143,16,157.53846153846143
350,5,-1,24,1026.400000000162,1235.3795918368967,208.9795918367347,5,208.9795918367347
351,12,2,69,1168.5000000000327,1236.8488035787561,68.34880357872339,12,0.0
352,12,-1,50,1097.900000000097,1237.2197278912533,139.3197278911564,12,139.3197278911564
353,13,-1,23,1128.600000000069,1242.0626038781854,113.4626038781164,13,113.4626038781164
354,13,4,62,1093.500000000101,1242.099448479246,148.59944847914494,13,0.0
355,13,-1,54,1197.5000000000064,1253.456284153012,55.95628415300553,13,55.95628415300553
356,14,1,53,1129.5000000000682,1259.3746066082115,129.87460660814327,14,0.0
357,16,-1,65,1198.5000000000055,1264.8212435233215,66.32124352331607,16,66.32124352331607
358,5,15,67,1181.500000000021,1265.4302605395173,83.93026053949643,5,0.0
359,10,7,55,1146.5000000000528,1266.164898186614,119.66489818656123,10,0.0
360,11,8,57,1216.8999999999887,1267.619083898498,50.719083898509325,11,0.0
361,14,-1,69,1168.6000000000327,1268.4328690808127,99.83286908078003,14,99.83286908078003
362,15,7,63,1174.5000000000273,1271.1573880106903,96.657388010663,15,0.0
363,9,15,7,1211.4999999999936,1282.4098263549222,70.90982635492855,9,0.0
364,14,-1,72,1168.5000000000327,1287.3723051409945,118.87230514096177,14,118.87230514096177
365,14,-1,2,1140.5000000000582,1290.1450939457784,149.6450939457202,14,149.6450939457202
366,14,-1,16,1115.400000000081,1297.3289340102333,181.92893401015226,14,181.92893401015226
367,15,-1,23,1242.4999999999654,1299.2313019390235,56.731301939058085,15,56.731301939058085
368,14,-1,59,1192.500000000011,1301.1060606060714,108.60606060606051,14,108.60606060606051
369,14,-1,66,1185.5000000000173,1302.0528455284725,116.55284552845524,14,116.55284552845524
370,12,3,69,1236.8999999999705,1305.248803578694,68.34880357872339,12,0.0
371,10,9,50,1200.5000000000036,1306.920313435864,106.42031343586041,10,0.0
372,14,-1,56,1200.6000000000035,1309.5361702127695,108.936170212766,14,108.936170212766
373,13,-1,10,1201.5000000000027,1310.4361702127687,108.936170212766,13,108.936170212766
374,11,9,57,1267.6999999999425,1318.4190838984518,50.719083898509325,11,0.0
375,19,-1,66,1302.9999999999104,1319.6504065039755,16.65040650406513,19,16.65040650406513
376,14,-1,11,1159.500000000041,1324.2816091954433,164.78160919540232,14,164.78160919540232
377,19,-1,19,1281.8999999999296,1325.289830508404,43.38983050847446,19,43.38983050847446
378,19,-1,0,1281.8999999999296,1330.2018867923825,48.30188679245293,19,48.30188679245293
379,13,11,23,1242.4999999999654,1348.920048780773,106.42004878080752,13,0.0
380,5,16,67,1265.4999999999445,1349.430260539441,83.93026053949643,5,0.0
381,15,5,71,1161.500000000039,1351.3353649456112,189.8353649455721,15,0.0
382,13,6,64,1182.50000000002,1353.3595133179308,170.8595133179108,13,0.0
383,12,1,85,1141.5000000000573,1355.0921726752088,213.59217267515146,12,0.0
384,13,8,68,1217.1999999999884,1355.2417816881507,138.04178168816225,13,0.0
385,13,5,5,1112.5000000000837,1355.7039225845645,243.20392258448078,13,0.0
386,10,11,51,1209.4999999999955,1357.2020704321374,147.7020704321419,10,0.0
387,15,-1,1,1281.8999999999296,1357.4719557194867,75.57195571955708,15,75.57195571955708
388,19,-1,8,1321.9999999998931,1358.7025089604665,36.70250896057337,19,36.70250896057337
389,10,8,52,1159.500000000041,1360.3424314617698,200.8424314617289,10,0.0
390,11,-1,59,1301.9999999999113,1364.0606060605173,62.060606060606005,11,62.060606060606005
391,13,10,20,1232.4999999999745,1366.727729639594,134.22772963961938,13,0.0
392,16,2,58,1222.4999999999836,1368.2883567622146,145.78835676223093,16,0.0
393,19,-1,64,1354.099999999864,1368.6248226948994,14.524822695035482,19,14.524822695035482
394,5,17,57,1318.4999999998963,1369.2190838984056,50.719083898509325,5,0.0
395,15,6,73,1171.50000000003,1371.191377621168,199.69137762113792,15,0.0
396,15,-1,22,1281.8999999999296,1371.7245614034384,89.82456140350882,15,89.82456140350882
397,16,-1,63,1289.9999999999222,1372.0512820512042,82.05128205128199,16,82.05128205128199
398,19,-1,51,1357.9999999998604,1373.6574923546004,15.657492354740043,19,15.657492354740043
399,10,10,56,1200.5000000000036,1374.629394953161,174.12939495315732,10,0.0
400,12,0,90,1115.400000000081,1378.2367725591962,262.83677255911516,12,0.0
401,9,16,4,1281.1999999999302,1383.772525074634,102.57252507470366,9,0.0
402,13,14,7,1282.9999999999286,1384.2997519355408,101.29975193561222,13,0.0
403,19,-1,58,1368.9999999998504,1385.8421052630083,16.84210526315792,19,16.84210526315792
404,10,12,55,1266.1999999999439,1385.8648981865051,119.66489818656123,10,0.0
405,14,2,53,1259.39999999995,1389.2746066080933,129.87460660814327,14,0.0
406,19,-1,63,1372.9999999998468,1389.410256410103,16.410256410256352,19,16.410256410256352
407,19,-1,1,1357.9999999998604,1395.785977859639,37.78597785977854,19,37.78597785977854
408,16,1,21,1221.4999999999845,1397.391088351514,175.89108835152956,16,0.0
409,19,-1,20,1366.9999999998522,1398.5076923075444,31.507692307692196,19,31.507692307692196
410,9,17,18,1281.1999999999302,1400.9378980317833,119.73789803185309,9,0.0
411,19,-1,55,1386.0999999998348,1402.7233766232114,16.623376623376544,19,16.623376623376544
412,15,2,95,1092.5000000001019,1409.5878397027127,317.08783970261084,15,0.0
413,15,3,94,1112.5000000000837,1413.0130019079809,300.5130019078972,15,0.0
414,14,4,50,1306.9999999999068,1413.4203134357672,106.42031343586041,14,0.0
415,11,10,59,1364.999999999854,1422.0857349887194,57.0857349888654,11,0.0
416,14,3,13,1297.999999999915,1424.9085250250498,126.90852502513485,14,0.0
417,13,9,60,1230.4999999999764,1427.5828998300744,197.08289983009809,13,0.0
418,19,-1,4,1383.9999999998367,1432.0751173707288,48.07511737089203,19,48.07511737089203
419,19,-1,18,1401.9999999998204,1432.4761904760107,30.476190476190368,19,30.476190476190368
420,19,-1,23,1405.9999999998167,1434.3656509693458,28.365650969529042,19,28.365650969529042
421,9,18,57,1369.2999999998501,1440.3067174577632,71.00671745791306,9,0.0
422,13,12,54,1253.4999999999554,1441.1200167828563,187.62001678290085,13,0.0
423,18,-1,69,1304.9999999999086,1447.618384401023,142.61838440111433,18,142.61838440111433
424,15,0,97,1054.5000000001364,1457.1916804422951,402.6916804421587,15,0.0
425,13,13,6,1267.4999999999427,1457.3418092567135,189.84180925677083,13,0.0
426,14,5,62,1342.999999999874,1461.87955878319,118.87955878331604,14,0.0
427,15,10,1,1357.9999999998604,1462.2848595323471,104.28485953248673,15,0.0
428,14,-1,67,1348.9999999998686,1463.3221690588798,114.32216905901123,14,114.32216905901123
429,15,8,82,1177.5000000000246,1471.5398544339316,294.03985443390707,15,0.0
430,16,0,61,1184.5000000000182,1471.6028481161525,287.1028481161343,16,0.0
431,11,11,59,1422.099999999802,1479.1857349886675,57.0857349888654,11,0.0
432,15,12,23,1405.9999999998167,1480.494034146382,74.49403414656535,15,0.0
433,13,16,7,1384.2999999998365,1485.5997519354487,101.29975193561222,13,0.0
434,15,11,22,1371.9999999998477,1487.3995828179927,115.39958281814506,15,0.0
435,15,9,31,1195.5000000000082,1488.692585118934,293.19258511892576,15,0.0
436,15,4,80,1149.50000000005,1490.456251556019,340.95625155596895,15,0.0
437,13,15,68,1355.2999999998628,1493.341781688025,138.04178168816225,13,0.0
438,13,7,70,1212.4999999999927,1497.1531198551952,284.6531198552025,13,0.0
439,19,-1,68,1491.9999999997385,1506.3417366944163,14.34173669467782,19,14.34173669467782
440,16,4,63,1372.9999999998468,1511.0819828722224,138.08198287237565,16,0.0
441,16,3,65,1265.4999999999445,1511.3151698919146,245.81516989197007,16,0.0
442,14,6,50,1413.49999999981,1519.9203134356703,106.42031343586041,14,0.0
443,14,8,57,1440.3999999997855,1521.5505342374004,81.15053423761492,14,0.0
444,18,-1,53,1388.9999999998322,1521.8145265886778,132.81452658884564,18,132.81452658884564
445,19,3,8,1358.9999999998595,1527.050103303458,168.05010330359846,19,0.0
446,19,6,58,1385.999999999835,1531.7883567620659,145.78835676223093,19,0.0
447,19,7,20,1398.999999999823,1533.2277296394425,134.22772963961938,19,0.0
448,20,-1,52,1445.7999999997805,1538.171134020399,92.37113402061846,20,92.37113402061846
449,10,13,21,1397.999999999824,1538.7128706810477,140.71287068122365,10,0.0
450,19,4,64,1368.9999999998504,1539.8595133177612,170.8595133179108,19,0.0
451,13,-1,59,1479.8999999997495,1541.9606060603555,62.060606060606005,13,62.060606060606005
452,20,-1,60,1445.7999999997805,1542.9273712734932,97.1273712737127,20,97.1273712737127
453,20,-1,69,1448.9999999997776,1548.8328690805577,99.83286908078003,20,99.83286908078003
454,19,0,66,1319.999999999895,1549.2359502588918,229.2359502589968,19,0.0
455,14,7,13,1424.9999999997995,1551.9085250249343,126.90852502513485,14,0.0
456,19,8,55,1402.9999999998195,1552.581122733021,149.58112273320148,19,0.0
457,20,-1,73,1445.7999999997805,1554.406060605841,108.60606060606051,20,108.60606060606051
458,14,10,69,1448.8999999997777,1558.258085725735,109.35808572595738,14,0.0
459,19,5,51,1373.9999999998458,1558.6275880400233,184.62758804017744,19,0.0
460,19,2,0,1330.999999999885,1558.8853596914616,227.8853596915767,19,0.0
461,20,-1,71,1445.7999999997805,1560.4879999997806,114.6880000000001,20,114.6880000000001
462,19,1,19,1325.9999999998895,1562.709533107223,236.70953310733353,19,0.0
463,11,12,57,1521.5999999997116,1572.319083898221,50.719083898509325,11,0.0
464,19,9,4,1432.9999999997922,1579.53217867794,146.53217867814783,19,0.0
465,14,11,62,1461.899999999766,1580.779558783082,118.87955878331604,14,0.0
466,12,-1,10,1310.9999999999031,1583.340425531818,272.3404255319149,12,272.3404255319149
467,19,11,23,1480.8999999997486,1587.3200487805561,106.42004878080752,19,0.0
468,10,14,54,1441.999999999784,1592.0960134261047,150.09601342632072,10,0.0
469,20,-1,56,1484.899999999745,1593.836170212511,108.936170212766,20,108.936170212766
470,20,-1,2,1445.7999999997805,1595.4450939455007,149.6450939457202,20,149.6450939457202
471,20,-1,5,1445.7999999997805,1595.4450939455007,149.6450939457202,20,149.6450939457202
472,18,-1,62,1461.9999999997658,1604.024965325702,142.02496532593614,18,142.02496532593614
473,19,10,18,1432.9999999997922,1604.0541400452964,171.05414004550425,19,0.0
474,20,-1,65,1511.8999999997204,1604.749740932363,92.84974093264259,20,92.84974093264259
475,19,-1,10,1584.5999999996543,1611.8340425528459,27.234042553191557,19,27.234042553191557
476,20,-1,53,1522.8999999997104,1615.8701686119023,92.97016861219186,20,92.97016861219186
477,11,13,7,1565.4999999996717,1616.1498759674778,50.64987596780611,11,0.0
478,20,-1,50,1519.999999999713,1617.5238095235227,97.52380952380963,20,97.52380952380963
479,10,15,63,1511.8999999997204,1622.365586297621,110.46558629790047,10,0.0
480,14,12,50,1519.999999999713,1626.4203134355735,106.42031343586041,14,0.0
481,18,-1,57,1500.9999999997303,1632.1139564657994,131.1139564660691,18,131.1139564660691
482,20,-1,64,1539.899999999695,1641.573758864943,101.67375886524815,20,101.67375886524815
483,19,12,68,1506.899999999725,1644.9417816878872,138.04178168816225,19,0.0
484,21,-1,54,1592.599999999647,1648.5562841526526,55.95628415300553,21,55.95628415300553
485,21,-1,21,1565.4999999996717,1649.9536082470943,84.45360824742261,21,84.45360824742261
486,14,9,11,1445.7999999997805,1654.9405237236813,209.14052372390074,14,0.0
487,21,-1,56,1594.5999999996452,1656.8492401212256,62.24924012158044,21,62.24924012158044
488,13,17,59,1542.8999999996922,1657.071469977423,114.1714699777308,13,0.0
489,20,-1,70,1565.4999999996717,1666.0329593264598,100.53295932678816,20,100.53295932678816
490,20,3,69,1558.2999999996782,1667.6580857256356,109.35808572595738,20,0.0
491,11,14,7,1617.1999999996247,1667.8498759674308,50.64987596780611,11,0.0
492,14,14,55,1552.8999999996831,1672.5648981862444,119.66489818656123,14,0.0
493,21,-1,53,1624.0999999996184,1677.2258106351567,53.1258106355383,21,53.1258106355383
494,20,-1,58,1565.4999999996717,1683.3947368417769,117.8947368421052,20,117.8947368421052
495,20,-1,72,1565.4999999996717,1684.3723051406334,118.87230514096177,20,118.87230514096177
496,21,-1,6,1565.4999999996717,1685.2660818710167,119.76608187134502,21,119.76608187134502
497,21,-1,20,1565.4999999996717,1691.530769230441,126.03076923076924,21,126.03076923076924
498,12,-1,59,1542.8999999996922,1698.0515151512075,155.15151515151524,12,155.15151515151524
499,14,17,62,1581.599999999657,1700.479558782973,118.87955878331604,14,0.0
500,20,1,60,1543.8999999996913,1701.5663198637699,157.66631986407856,20,0.0
501,18,-1,61,1565.4999999996717,1702.7654155492696,137.26541554959795,18,137.26541554959795
502,14,15,51,1558.8999999996777,1706.6020704318196,147.7020704321419,14,0.0
503,21,-1,8,1565.4999999996717,1712.3100358419656,146.81003584229393,21,146.81003584229393
504,14,16,67,1580.599999999658,1714.888416862852,134.28841686319402,14,0.0
505,21,-1,23,1607.0999999996338,1720.5626038777502,113.4626038781164,21,113.4626038781164
506,21,-1,10,1613.1999999996283,1722.1361702123943,108.936170212766,21,108.936170212766
507,21,-1,69,1668.1999999995783,1725.247353760024,57.04735376044573,21,57.04735376044573
508,21,-1,17,1623.9999999996185,1730.113989636924,106.11398963730562,21,106.11398963730562
509,23,-1,13,1623.9999999996185,1730.389610389229,106.38961038961043,23,106.38961038961043
510,14,13,66,1549.8999999996859,1733.2887602068834,183.3887602071975,14,0.0
511,20,7,50,1627.0999999996156,1733.520313435476,106.42031343586041,20,0.0
512,22,-1,78,1607.0999999996338,1735.0999999996338,128.0,22,128.0
513,23,-1,21,1651.0999999995938,1735.5536082470164,84.45360824742261,23,84.45360824742261
514,22,-1,81,1607.0999999996338,1736.5563843232749,129.45638432364103,22,129.45638432364103
515,20,-1,63,1623.1999999996192,1738.071794871414,114.87179487179492,20,114.87179487179492
516,21,-1,55,1673.0999999995738,1739.5935064930802,66.4935064935064,21,66.4935064935064
517,20,0,52,1538.8999999996959,1739.7424314614248,200.8424314617289,20,0.0
518,18,-1,67,1580.6999999996578,1744.017384369674,163.31738437001604,18,163.31738437001604
519,22,-1,86,1607.0999999996338,1744.549664429164,137.44966442953023,22,137.44966442953023
520,20,-1,68,1645.0999999995993,1745.4921568623445,100.3921568627452,20,100.3921568627452
521,23,-1,18,1623.9999999996185,1745.9047619043804,121.90476190476193,23,121.90476190476193
522,18,-1,82,1607.0999999996338,1748.9282548472793,141.82825484764544,18,141.82825484764544
523,21,-1,58,1684.0999999995638,1751.4684210521955,67.36842105263167,21,67.36842105263167
524,20,6,53,1623.9999999996185,1753.8746066077617,129.87460660814327,20,0.0
525,22,-1,96,1607.0999999996338,1754.650432276291,147.55043227665715,22,147.55043227665715
526,22,-1,76,1607.0999999996338,1760.6232383804434,153.52323838080952,22,153.52323838080952
527,22,-1,90,1607.0999999996338,1760.6232383804434,153.52323838080952,22,153.52323838080952
528,21,-1,59,1698.8999999995503,1760.9606060601564,62.060606060606005,21,62.060606060606005
529,22,-1,85,1607.0999999996338,1762.251515151149,155.15151515151524,22,155.15151515151524
530,22,-1,97,1623.9999999996185,1762.5656292283059,138.56562922868738,22,138.56562922868738
531,21,-1,7,1617.2999999996246,1763.0651245547847,145.76512455516013,21,145.76512455516013
532,12,-1,57,1633.0999999996102,1764.2139564656793,131.1139564660691,12,131.1139564660691
533,22,-1,50,1627.1999999996156,1766.519727890772,139.3197278911564,22,139.3197278911564
534,21,-1,51,1707.099999999543,1769.729969418503,62.62996941896017,21,62.62996941896017
535,18,0,62,1701.0999999995483,1775.3997242391208,74.29972423957247,18,0.0
536,20,9,69,1668.0999999995784,1777.4580857255357,109.35808572595738,20,0.0
537,20,4,71,1560.8999999996759,1777.8547027946156,216.95470279493975,20,0.0
538,22,1,50,1767.0999999994883,1780.402539178971,13.302539179482665,22,0.0
539,21,-1,62,1724.6999999995269,1781.5099861299013,56.809986130374455,21,56.809986130374455
540,20,2,73,1554.8999999996813,1783.1187172809819,228.21871728130054,20,0.0
541,14,18,2,1596.5999999996434,1784.8719179873092,188.2719179876658,14,0.0
542,18,-1,54,1649.0999999995956,1788.9907103821092,139.8907103825136,18,139.8907103825136
543,22,2,50,1780.4999999994761,1793.8025391789588,13.302539179482665,22,0.0
544,21,-1,68,1746.0999999995074,1803.466946778219,57.36694677871151,21,57.36694677871151
545,21,-1,63,1739.0999999995138,1804.7410256405394,65.64102564102564,21,65.64102564102564
546,22,3,50,1793.899999999464,1807.2025391789466,13.302539179482665,22,0.0
547,21,-1,67,1744.5999999995088,1809.9269537475152,65.32695374800642,21,65.32695374800642
548,12,4,57,1765.0999999994901,1815.8190838979995,50.719083898509325,12,0.0
549,23,-1,57,1765.0999999994901,1817.5455825859178,52.44558258642769,23,52.44558258642769
550,20,5,5,1623.9999999996185,1818.563138067203,194.56313806758453,20,0.0
551,22,4,50,1807.2999999994518,1820.6025391789344,13.302539179482665,22,0.0
552,22,0,97,1763.099999999492,1820.6273829198003,57.527382920308355,22,0.0
553,19,13,23,1722.0999999995292,1828.5200487803368,106.42004878080752,19,0.0
554,20,8,56,1658.0999999995875,1832.2293949527448,174.12939495315732,20,0.0
555,22,5,50,1820.6999999994396,1834.0025391789222,13.302539179482665,22,0.0
556,22,7,50,1834.0999999994274,1847.40253917891,13.302539179482665,22,0.0
557,18,1,62,1775.3999999994808,1849.6997242390532,74.29972423957247,18,0.0
558,20,12,68,1746.0999999995074,1856.5334253500373,110.43342535052989,20,0.0
559,20,10,60,1702.0999999995474,1859.766319863626,157.66631986407856,20,0.0
560,22,8,50,1847.4999999994152,1860.8025391788979,13.302539179482665,22,0.0
561,22,9,50,1860.899999999403,1874.2025391788857,13.302539179482665,22,0.0
562,21,0,59,1760.969999999494,1875.1414699772247,114.1714699777308,21,0.0
563,22,6,97,1820.6999999994396,1878.227382919748,57.527382920308355,22,0.0
564,20,11,64,1744.0999999995092,1880.7876106538379,136.68761065432864,20,0.0
565,18,2,54,1789.0999999994683,1882.9100083909186,93.81000839145031,18,0.0
566,22,10,50,1874.2999999993908,1887.6025391788735,13.302539179482665,22,0.0
567,21,2,55,1740.0999999995129,1889.6811227327144,149.58112273320148,21,0.0
568,23,0,13,1731.099999999521,1889.7356562809396,158.6356562814185,23,0.0
569,21,3,58,1752.099999999502,1897.888356761733,145.78835676223093,21,0.0
570,22,12,50,1887.6999999993786,1901.0025391788613,13.302539179482665,22,0.0
571,23,1,21,1736.0999999995165,1911.991088351046,175.89108835152956,23,0.0
572,21,6,69,1777.4999999994789,1914.1976071569256,136.69760715744678,21,0.0
573,22,13,50,1901.0999999993664,1914.402539178849,13.302539179482665,22,0.0
574,21,4,53,1753.8999999995003,1916.2432582596794,162.34325826017903,21,0.0
575,23,2,18,1746.0999999995074,1917.1541400450117,171.05414004550425,23,0.0
576,23,3,57,1818.099999999442,1919.5381677964606,101.43816779701865,23,0.0
577,22,14,50,1914.4999999993543,1927.802539178837,13.302539179482665,22,0.0
578,22,11,97,1878.2999999993872,1935.8273829196955,57.527382920308355,22,0.0
579,22,15,50,1927.899999999342,1941.2025391788247,13.302539179482665,22,0.0
580,21,8,63,1805.0999999994538,1943.1819828718294,138.08198287237565,21,0.0
581,21,11,10,1832.0999999994292,1951.443275366122,119.34327536669275,21,0.0
582,21,10,20,1820.0999999994401,1954.3277296390595,134.22772963961938,21,0.0
583,22,16,50,1941.2999999993299,1954.6025391788125,13.302539179482665,22,0.0
584,21,5,51,1770.0999999994856,1954.727588039663,184.62758804017744,21,0.0
585,21,1,17,1731.099999999521,1958.236888852401,227.13688885288002,21,0.0
586,22,17,50,1954.6999999993177,1968.0025391788004,13.302539179482665,22,0.0
587,18,4,54,1882.999999999383,1976.8100083908332,93.81000839145031,18,0.0
588,21,7,67,1809.9299999994494,1977.790521078442,167.86052107899263,21,0.0
589,18,3,61,1842.09999999942,1985.6514240574872,143.55142405806714,18,0.0
590,21,14,59,1875.19999999939,1989.3714699771208,114.1714699777308,21,0.0
591,24,-1,81,1939.1999999993318,1990.9825537287882,51.78255372945637,24,51.78255372945637
592,24,-1,57,1939.1999999993318,1991.6455825857595,52.44558258642769,24,52.44558258642769
593,24,-1,97,1939.1999999993318,1994.6262516908068,55.426251691475045,24,55.426251691475045
594,21,13,68,1856.599999999407,1994.6417816875692,138.04178168816225,21,0.0
595,24,-1,60,1939.1999999993318,1994.701355012882,55.50135501355021,24,55.50135501355021
596,21,9,6,1806.0999999994528,1995.9418092562237,189.84180925677083,21,0.0
597,21,12,62,1849.6999999994132,1998.2994484785581,148.59944847914494,21,0.0
598,27,-1,13,2000.0999999992764,2026.697402596679,26.597402597402606,27,26.597402597402606
599,27,-1,10,2000.0999999992764,2027.334042552468,27.234042553191557,27,27.234042553191557
600,27,-1,23,2000.0999999992764,2028.4656509688054,28.365650969529042,27,28.365650969529042
601,27,-1,20,2000.0999999992764,2031.6076923069686,31.507692307692196,27,31.507692307692196
602,24,-1,98,1980.1999999992945,2033.602868317417,53.4028683181225,24,53.4028683181225
603,24,-1,87,1980.1999999992945,2034.2369393132788,54.03693931398425,24,54.03693931398425
604,27,-1,7,2000.0999999992764,2036.5412811380666,36.441281138790146,27,36.441281138790146
605,27,-1,1,2000.0999999992764,2037.885977859055,37.78597785977854,27,37.78597785977854
606,24,-1,61,1986.299999999289,2041.2061662191281,54.90616621983918,24,54.90616621983918
607,24,-1,59,1980.1999999992945,2042.2606060599005,62.060606060606005,24,62.060606060606005
608,24,-1,88,1989.8999999992857,2044.9537634401458,55.053763440860166,24,55.053763440860166
609,24,-1,93,1989.8999999992857,2044.9537634401458,55.053763440860166,24,55.053763440860166
610,24,-1,99,1989.8999999992857,2045.1766531706758,55.27665317139008,24,55.27665317139008
611,25,-1,52,1980.1999999992945,2046.1793814425935,65.97938144329896,25,65.97938144329896
612,25,-1,53,1980.1999999992945,2046.6072632937173,66.40726329442282,25,66.40726329442282
613,24,-1,69,1989.8999999992857,2046.9473537597314,57.04735376044573,24,57.04735376044573
614,25,-1,50,1980.1999999992945,2049.859863944873,69.65986394557831,25,69.65986394557831
615,25,-1,54,1980.1999999992947,2050.1453551905515,69.9453551912568,25,69.9453551912568
616,24,-1,91,1989.8999999992855,2050.491715975617,60.59171597633144,24,60.59171597633144
617,24,-1,78,2000.0999999992762,2051.299999999276,51.200000000000045,24,51.200000000000045
618,25,-1,64,1980.1999999992943,2052.8241134744717,72.62411347517741,25,72.62411347517741
619,24,-1,86,2000.0999999992764,2055.0798657710884,54.979865771812,24,54.979865771812
620,25,-1,65,1989.8999999992855,2056.2212435226015,66.32124352331607,25,66.32124352331607
621,25,-1,56,1980.1999999992943,2058.01155015127,77.81155015197578,25,77.81155015197578
622,25,-1,51,1980.1999999992945,2058.4874617729947,78.28746177370022,25,78.28746177370022
623,24,-1,96,2000.0999999992766,2059.1201729099394,59.02017291066272,24,59.02017291066272
624,24,-1,77,2000.0999999992762,2060.9618127778795,60.86181277860328,24,60.86181277860328
625,25,-1,70,1989.8999999992857,2061.7092566612773,71.80925666199164,25,71.80925666199164
626,25,-1,67,1980.1999999992945,2061.8586921843025,81.65869218500802,25,81.65869218500802
627,25,-1,66,1980.1999999992947,2063.45203251962,83.2520325203252,25,83.2520325203252
628,24,-1,83,2000.0999999992764,2064.0999999992764,64.0,24,64.0
629,24,-1,79,2000.0999999992764,2064.200156493799,64.10015649452271,24,64.10015649452271
630,25,-1,60,1995.99999999928,2065.3766937662176,69.3766937669377,25,69.3766937669377
631,25,-1,68,1994.9999999992813,2066.7086834726706,71.70868347338933,25,71.70868347338933
632,25,-1,73,1989.8999999992857,2067.475757575043,77.5757575757575,25,77.5757575757575
633,25,-1,62,1997.9999999992783,2069.0124826622464,71.01248266296807,25,71.01248266296807
634,25,-1,71,1989.8999999992857,2071.8199999992858,81.92000000000007,25,81.92000000000007
635,25,-1,63,1989.899999999286,2071.951282050568,82.05128205128199,25,82.05128205128199
636,25,-1,55,2000.0999999992762,2083.2168831161594,83.11688311688317,25,83.11688311688317
637,25,-1,58,2000.0999999992764,2084.310526315066,84.2105263157896,25,84.2105263157896
638,26,-1,57,1992.9999999992829,2084.7797695255313,91.7797695262484,26,91.7797695262484
639,24,8,60,2066.1999999992163,2085.908289982226,19.708289983009763,24,0.0
640,25,-1,59,2013.1999999992645,2090.775757575022,77.5757575757575,25,77.5757575757575
641,24,9,60,2085.9999999991983,2105.708289982208,19.708289983009763,24,0.0
642,24,0,81,2044.1999999992363,2105.887808054207,61.6878080549709,24,0.0
643,25,-1,2,2000.0999999992764,2106.989352817648,106.88935281837166,25,106.88935281837166
644,25,-1,5,2000.0999999992764,2106.989352817648,106.88935281837166,25,106.88935281837166
645,24,2,97,2052.199999999229,2109.7273829195374,57.527382920308355,24,0.0
646,24,10,60,2105.7999999991803,2125.50828998219,19.708289983009763,24,0.0
647,24,1,78,2052.199999999229,2130.492705633616,78.29270563438695,24,0.0
648,24,5,77,2061.199999999221,2132.6051742709856,71.40517427176474,24,0.0
649,24,3,86,2055.1999999992263,2132.86384508839,77.66384508916371,24,0.0
650,24,7,79,2065.199999999217,2133.9363310110703,68.73633101185305,24,0.0
651,24,4,96,2060.1999999992217,2135.3708096986034,75.1708096993816,24,0.0
652,27,2,23,2029.19999999925,2135.6200487800575,106.42004878080752,27,0.0
653,24,6,83,2064.199999999218,2138.3087956811496,74.1087956819315,24,0.0
654,27,4,7,2037.1999999992427,2138.499751934855,101.29975193561222,27,0.0
655,27,1,10,2028.1999999992508,2147.543275365944,119.34327536669298,27,0.0
656,25,2,59,2091.1999999991936,2148.2857349880587,57.08573498886517,25,0.0
657,26,-1,50,2051.19999999923,2148.7238095230396,97.52380952380963,26,97.52380952380963
658,25,1,58,2085.199999999199,2158.0941783803146,72.89417838111558,25,0.0
659,25,0,55,2084.1999999992,2158.9905613658007,74.79056136660074,25,0.0
660,27,3,20,2032.1999999992472,2166.4277296388664,134.22772963961916,27,0.0
661,27,0,13,2027.1999999992518,2185.8356562806703,158.6356562814185,27,0.0
662,27,5,1,2038.1999999992418,2187.178370759937,148.97837076069527,27,0.0
663,25,5,53,2115.1999999991717,2196.3716291292612,81.17162913008951,25,0.0
664,25,11,59,2148.2999999991416,2205.385734988007,57.08573498886517,25,0.0
665,25,7,64,2127.199999999161,2212.629756658116,85.42975665895528,25,0.0
666,25,6,54,2121.1999999991663,2215.010008390617,93.81000839145054,25,0.0
667,25,9,62,2142.199999999147,2216.4997242387194,74.29972423957224,25,0.0
668,25,3,2,2107.199999999179,2224.86994874147,117.66994874229113,25,0.0
669,25,4,5,2107.199999999179,2228.8019612914195,121.6019612922405,25,0.0
670,25,10,67,2145.1999999991444,2229.130260538641,83.93026053949643,25,0.0
671,25,12,58,2158.0999999991327,2230.9941783802483,72.89417838111558,25,0.0
672,25,8,51,2139.19999999915,2231.5137940192385,92.31379402008861,25,0.0
673,25,13,55,2158.999999999132,2233.7905613657326,74.79056136660074,25,0.0
674,26,0,50,2149.199999999141,2242.3177742555185,93.11777425637774,26,0.0
675,28,-1,57,2188.1999999991053,2279.9797695253537,91.7797695262484,28,91.7797695262484
676,28,-1,60,2188.1999999991053,2285.3273712728183,97.12737127371292,28,97.12737127371292
677,28,-1,69,2188.1999999991053,2288.032869079885,99.8328690807798,28,99.8328690807798
678,28,-1,68,2188.1999999991053,2288.5921568618505,100.3921568627452,28,100.3921568627452
679,28,-1,53,2197.299999999097,2290.270168611289,92.97016861219208,28,92.97016861219208
680,28,-1,63,2188.1999999991053,2303.0717948709002,114.87179487179492,28,114.87179487179492
681,28,-1,59,2205.29999999909,2313.9060606051503,108.60606060606051,28,108.60606060606051
682,28,-1,62,2217.299999999079,2316.717475727234,99.4174757281553,28,99.4174757281553
683,29,-1,54,2280.699999999021,2336.6562841520267,55.95628415300553,29,55.95628415300553
684,28,-1,50,2243.299999999055,2340.823809522865,97.52380952380963,28,97.52380952380963
685,29,-1,60,2286.7999999990157,2342.3013550125656,55.50135501354998,29,55.50135501354998
686,29,-1,56,2280.699999999021,2342.9492401206016,62.24924012158044,29,62.24924012158044
687,29,-1,51,2280.699999999021,2343.3299694179814,62.62996941896017,29,62.62996941896017
688,29,-1,67,2280.699999999021,2346.0269537470276,65.32695374800642,29,65.32695374800642
689,29,-1,21,2280.699999999021,2365.153608246444,84.45360824742284,29,84.45360824742284
690,29,-1,62,2317.7999999989875,2374.609986129362,56.809986130374455,29,56.809986130374455
691,28,0,57,2280.2999999990216,2381.73816779604,101.43816779701865,28,0.0
692,28,-1,64,2280.699999999021,2382.3737588642693,101.67375886524815,28,101.67375886524815
693,28,-1,55,2280.699999999021,2397.0636363626577,116.36363636363649,28,116.36363636363649
694,28,-1,58,2280.699999999021,2398.5947368411266,117.89473684210543,28,117.89473684210543
695,29,0,54,2336.79999999897,2430.6100083904207,93.81000839145054,29,0.0
696,29,4,67,2346.799999998961,2430.7302605384575,83.93026053949643,29,0.0
697,29,2,51,2343.799999998964,2436.1137940190524,92.31379402008861,29,0.0
698,29,1,60,2342.7999999989647,2441.341449914014,98.54144991504927,29,0.0
699,29,6,62,2374.7999999989356,2449.099724238508,74.29972423957224,29,0.0
700,29,3,56,2343.799999998964,2452.630871844687,108.83087184572332,29,0.0
701,29,5,21,2365.799999998944,2453.745544174709,87.94554417576501,29,0.0
702,28,1,57,2381.7999999989293,2483.238167795948,101.43816779701865,28,0.0
703,28,4,69,2388.799999998923,2525.4976071563697,136.69760715744678,28,0.0
704,28,5,68,2390.799999998921,2528.8417816870833,138.04178168816225,28,0.0
705,28,9,59,2423.799999998891,2537.971469976622,114.1714699777308,28,0.0
706,30,-1,50,2445.2999999988715,2542.823809522681,97.52380952380963,30,97.52380952380963
707,30,-1,54,2445.2999999988715,2543.223497266631,97.92349726775956,30,97.92349726775956
708,28,7,58,2398.799999998914,2544.5883567611445,145.7883567622307,28,0.0
709,28,3,53,2383.7999999989274,2546.1432582591065,162.34325826017903,28,0.0
710,28,6,55,2397.7999999989147,2547.381122732116,149.58112273320148,28,0.0
711,30,-1,62,2449.3999999988678,2548.817475727023,99.4174757281553,30,99.4174757281553
712,28,2,64,2382.7999999989283,2553.659513316839,170.85951331791057,28,0.0
713,30,-1,51,2445.2999999988715,2554.902446482052,109.6024464831803,30,109.6024464831803
714,28,8,63,2418.7999999988956,2556.8819828712712,138.08198287237565,28,0.0
715,30,-1,67,2445.2999999988715,2559.6221690578827,114.32216905901123,30,114.32216905901123
716,30,-1,57,2483.399999998837,2575.1797695250852,91.7797695262484,30,91.7797695262484
717,31,-1,59,2576.0999999987525,2638.1606060593585,62.060606060606005,31,62.060606060606005
718,32,-1,65,2652.9999999986826,2666.264248703346,13.26424870466326,32,13.26424870466326
719,32,-1,53,2652.9999999986826,2666.281452657567,13.281452658884518,32,13.281452658884518
720,32,-1,61,2652.9999999986826,2666.726541553642,13.726541554959567,32,13.726541554959567
721,32,-1,60,2652.9999999986826,2666.87533875207,13.875338753387496,32,13.875338753387496
722,32,-1,69,2652.9999999986826,2667.261838438794,14.261838440111205,32,14.261838440111205
723,32,-1,68,2652.9999999986826,2667.3417366933604,14.34173669467782,32,14.34173669467782
724,32,-1,70,2652.9999999986826,2667.3618513310807,14.361851332398146,32,14.361851332398146
725,32,-1,64,2652.9999999986826,2667.524822693718,14.524822695035255,32,14.524822695035255
726,32,-1,73,2652.9999999986826,2668.515151513834,15.515151515151501,32,15.515151515151501
727,32,-1,56,2652.9999999986826,2668.5623100290777,15.56231003039511,32,15.56231003039511
728,32,-1,71,2652.9999999986826,2669.3839999986826,16.384000000000015,32,16.384000000000015
729,32,-1,63,2652.9999999986826,2669.410256408939,16.410256410256352,32,16.410256410256352
730,32,-1,66,2652.9999999986826,2669.6504065027475,16.650406504064904,32,16.650406504064904
731,30,0,50,2543.3999999987823,2676.425391793608,133.02539179482574,30,0.0
732,30,5,57,2575.399999998753,2676.838167795772,101.43816779701865,30,0.0
733,32,6,69,2668.099999998669,2681.7697607144137,13.669760715744815,32,0.0
734,32,5,68,2668.099999998669,2681.904178167485,13.804178168816179,32,0.0
735,32,0,53,2667.09999999867,2683.3343258246878,16.234325826017994,32,0.0
736,32,10,63,2670.099999998667,2683.9081982859047,13.808198287237701,32,0.0
737,32,4,64,2668.099999998669,2685.18595133046,17.085951331790966,32,0.0
738,32,1,60,2667.09999999867,2686.8082899816795,19.708289983009763,32,0.0
739,32,8,56,2669.099999998668,2690.8661743678126,21.766174369144665,32,0.0
740,32,3,65,2667.09999999867,2691.681516987867,24.581516989197098,32,0.0
741,32,11,66,2670.099999998667,2693.023595024567,22.923595025899886,32,0.0
742,32,13,69,2681.7999999986564,2695.469760714401,13.669760715744815,32,0.0
743,32,14,68,2681.999999998656,2695.8041781674724,13.804178168816179,32,0.0
744,32,2,61,2667.09999999867,2695.810284810283,28.710284811613292,32,0.0
745,32,7,70,2668.099999998669,2696.565311984189,28.465311985520202,32,0.0
746,32,12,71,2670.099999998667,2697.2193378480347,27.11933784936764,32,0.0
747,32,9,73,2669.099999998668,2697.6273396588304,28.527339660162397,32,0.0
748,32,15,63,2683.9999999986544,2697.808198285892,13.808198287237701,32,0.0
749,30,2,62,2549.399999998777,2697.9994484779218,148.59944847914494,30,0.0
750,30,4,67,2560.399999998767,2728.260521077759,167.8605210789924,30,0.0
751,30,1,54,2543.3999999987823,2731.020016781683,187.62001678290062,30,0.0
752,30,3,51,2555.3999999987714,2740.0275880389486,184.62758804017722,30,0.0
753,31,0,59,2639.199999998695,2753.371469976426,114.1714699777308,31,0.0
754,33,-1,57,3014.5999999983537,3040.8227912915677,26.22279129321396,33,26.22279129321396
755,33,-1,53,3014.5999999983537,3041.1629053161228,26.562905317769037,33,26.562905317769037
756,33,-1,50,3014.5999999983537,3042.463945576585,27.863945578231323,33,27.863945578231323
757,33,-1,62,3014.5999999983537,3043.004993063541,28.404993065187227,33,28.404993065187227
758,33,-1,69,3014.5999999983537,3043.1236768785766,28.523676880222865,33,28.523676880222865
759,33,-1,68,3014.5999999983537,3043.2834733877094,28.68347338935564,33,28.68347338935564
760,33,-1,59,3014.5999999983537,3045.6303030286567,31.030303030303003,33,31.030303030303003
761,33,-1,63,3014.5999999983537,3047.4205128188664,32.820512820512704,33,32.820512820512704
762,33,-1,55,3014.5999999983537,3047.846753245107,33.24675324675309,33,33.24675324675309
763,33,-1,58,3014.5999999983537,3048.2842105246696,33.68421052631584,33,33.68421052631584
764,33,-1,10,3014.5999999983537,3069.068085104737,54.468085106383114,33,54.468085106383114
765,33,-1,23,3014.5999999983537,3071.331301937412,56.731301939058085,33,56.731301939058085
766,33,1,57,3041.699999998329,3112.706717456242,71.00671745791306,33,0.0
767,33,6,59,3046.6999999983245,3126.620028982736,79.9200289844116,33,0.0
768,33,2,50,3042.699999998328,3135.817774254706,93.11777425637774,33,0.0
769,33,5,69,3043.6999999983273,3139.38832500854,95.6883250102128,33,0.0
770,33,4,68,3043.6999999983273,3140.329247180041,96.62924718171371,33,0.0
771,33,7,63,3047.6999999983236,3144.3573880089866,96.657388010663,33,0.0
772,33,3,62,3043.6999999983273,3147.719613933729,104.0196139354016,33,0.0
773,33,9,58,3048.6999999983227,3150.7518497318842,102.05184973356154,33,0.0
774,33,8,55,3048.6999999983227,3153.406785911564,104.70678591324122,33,0.0
775,34,-1,65,3062.1999999983104,3155.049740930953,92.84974093264236,34,92.84974093264236
776,33,0,53,3041.699999998329,3155.3402807804546,113.6402807821255,33,0.0
777,34,-1,60,3062.1999999983104,3159.3273712720234,97.12737127371292,34,97.12737127371292
778,33,10,57,3113.299999998264,3184.306717456177,71.00671745791306,33,0.0
779,33,11,23,3129.2999999982494,3203.7940341448148,74.49403414656535,33,0.0
780,34,-1,52,3142.4999999982374,3234.871134018856,92.37113402061868,34,92.37113402061868
781,35,-1,50,3142.4999999982374,3281.819727889394,139.31972789115662,35,139.31972789115662
782,35,0,50,3282.59999999811,3295.9025391775926,13.302539179482665,35,0.0
783,35,1,50,3295.999999998098,3309.3025391775805,13.302539179482665,35,0.0
784,35,2,50,3309.3999999980856,3322.7025391775683,13.302539179482665,35,0.0
785,34,1,60,3258.599999998132,3357.141449913181,98.54144991504927,34,0.0
786,34,0,52,3235.5999999981527,3361.1265196617333,125.52651966358053,34,0.0
787,36,-1,57,3319.2999999980766,3411.079769524325,91.7797695262484,36,91.7797695262484
788,36,-1,53,3319.2999999980766,3412.2701686102687,92.97016861219208,36,92.97016861219208
789,36,0,57,3411.399999997993,3421.5438167776947,10.143816779701865,36,0.0
790,36,1,53,3412.399999997992,3428.63432582401,16.234325826017994,36,0.0
791,36,2,57,3421.7999999979834,3431.9438167776852,10.143816779701865,36,0.0
792,36,3,57,3431.999999997974,3442.143816777676,10.143816779701865,36,0.0
793,36,4,57,3442.199999997965,3452.3438167776667,10.143816779701865,36,0.0
794,36,5,57,3452.3999999979555,3462.5438167776574,10.143816779701865,36,0.0
795,36,6,57,3462.5999999979463,3472.743816777648,10.143816779701865,36,0.0
796,36,7,57,3472.799999997937,3482.943816777639,10.143816779701865,36,0.0
797,36,8,57,3482.9999999979277,3493.1438167776296,10.143816779701865,36,0.0
798,36,9,57,3493.1999999979184,3503.3438167776203,10.143816779701865,36,0.0
799,36,10,57,3503.399999997909,3513.543816777611,10.143816779701865,36,0.0
800,36,11,57,3513.5999999979,3523.7438167776018,10.143816779701865,36,0.0
801,36,12,57,3523.7999999978906,3533.9438167775925,10.143816779701865,36,0.0
802,36,13,57,3533.9999999978813,3544.143816777583,10.143816779701865,36,0.0
803,37,-1,57,3421.8999999979833,3553.0139564640526,131.11395646606934,37,131.11395646606934
804,36,14,57,3544.199999997872,3554.343816777574,10.143816779701865,36,0.0
805,37,-1,62,3415.699999997989,3557.724965323925,142.02496532593614,37,142.02496532593614
806,36,15,57,3554.399999997863,3564.5438167775646,10.143816779701865,36,0.0
807,37,1,57,3564.5999999978535,3615.319083896363,50.719083898509325,37,0.0
808,37,0,62,3558.799999997859,3633.099724237431,74.29972423957224,37,0.0
809,38,-1,53,3613.499999997809,3640.062905315578,26.562905317769037,38,26.562905317769037
810,38,-1,50,3613.499999997809,3641.3639455760404,27.863945578231323,38,27.863945578231323
811,38,-1,69,3613.499999997809,3642.023676878032,28.523676880222865,38,28.523676880222865
812,38,-1,68,3613.499999997809,3642.1834733871647,28.68347338935564,38,28.68347338935564
813,38,-1,64,3613.499999997809,3642.54964538788,29.049645390070964,38,29.049645390070964
814,38,-1,59,3613.499999997809,3644.530303028112,31.030303030303003,38,31.030303030303003
815,38,-1,67,3613.499999997809,3646.1634768718122,32.66347687400321,38,32.66347687400321
816,38,-1,63,3613.499999997809,3646.3205128183217,32.820512820512704,38,32.820512820512704
817,38,-1,55,3613.499999997809,3646.746753244562,33.24675324675309,38,33.24675324675309
818,38,-1,58,3613.499999997809,3647.184210524125,33.68421052631584,38,33.68421052631584
819,38,-1,62,3633.5999999977907,3662.004993062978,28.404993065187227,38,28.404993065187227
820,37,2,57,3615.3999999978073,3666.1190838963166,50.719083898509325,37,0.0
821,38,-1,13,3613.499999997809,3666.6948051926142,53.19480519480521,38,53.19480519480521
822,38,-1,10,3613.499999997809,3667.968085104192,54.468085106383114,38,54.468085106383114
823,38,-1,23,3613.499999997809,3670.231301936867,56.731301939058085,38,56.731301939058085
824,38,-1,20,3613.499999997809,3676.5153846131934,63.01538461538439,38,63.01538461538439
825,38,-1,7,3613.499999997809,3686.3825622753893,72.88256227758029,38,72.88256227758029
826,37,3,57,3666.199999997761,3716.9190838962704,50.719083898509325,37,0.0
827,38,5,59,3645.59999999778,3759.7714699755106,114.1714699777308,38,0.0
828,37,4,57,3716.999999997715,3767.719083896224,50.719083898509325,37,0.0
829,38,1,50,3641.5999999977835,3774.625391792609,133.02539179482574,38,0.0
830,38,13,23,3670.599999997757,3777.0200487785646,106.42004878080752,38,0.0
831,38,3,69,3642.5999999977826,3779.2976071552293,136.69760715744678,38,0.0
832,38,2,68,3642.5999999977826,3780.641781685945,138.04178168816225,38,0.0
833,38,6,63,3646.599999997779,3784.6819828701546,138.08198287237565,38,0.0
834,38,15,7,3686.5999999977425,3787.8997519333548,101.29975193561222,38,0.0
835,38,12,10,3668.599999997759,3787.943275364452,119.34327536669298,38,0.0
836,38,9,58,3647.599999997778,3793.3883567600087,145.7883567622307,38,0.0
837,39,-1,60,3699.5999999977307,3796.7273712714436,97.12737127371292,39,97.12737127371292
838,38,8,55,3647.599999997778,3797.1811227309795,149.58112273320148,38,0.0
839,39,-1,54,3699.5999999977307,3797.5234972654903,97.92349726775956,39,97.92349726775956
840,38,0,53,3640.5999999977844,3802.9432582579634,162.34325826017903,38,0.0
841,39,-1,57,3714.799999997717,3806.5797695239653,91.7797695262484,39,91.7797695262484
842,39,-1,51,3699.5999999977307,3809.202446480911,109.6024464831803,39,109.6024464831803
843,38,10,62,3662.5999999977644,3811.1994484769093,148.59944847914494,38,0.0
844,38,14,20,3677.5999999977507,3811.82772963737,134.22772963961916,38,0.0
845,38,4,64,3643.5999999977817,3814.459513315692,170.85951331791057,38,0.0
846,38,7,67,3646.599999997779,3814.4605210767713,167.8605210789924,38,0.0
847,38,11,13,3667.59999999776,3826.2356562791783,158.6356562814185,38,0.0
848,39,-1,59,3760.699999997675,3869.3060606037357,108.60606060606051,39,108.60606060606051
849,39,-1,50,3774.6999999976624,3872.223809521472,97.52380952380963,39,97.52380952380963
850,39,-1,69,3779.699999997658,3879.5328690784377,99.8328690807798,39,99.8328690807798
851,39,-1,68,3780.699999997657,3881.092156860402,100.3921568627452,39,100.3921568627452
852,41,-1,56,3826.2999999976155,3904.111550149591,77.81155015197555,41,77.81155015197555
853,39,2,57,3806.6999999976333,3908.138167794652,101.43816779701865,39,0.0
854,41,-1,66,3826.2999999976155,3909.5520325179405,83.25203252032497,41,83.25203252032497
855,40,-1,65,3821.5999999976198,3914.449740930262,92.84974093264236,40,92.84974093264236
856,39,-1,53,3821.5999999976198,3914.570168609812,92.97016861219208,39,92.97016861219208
857,40,-1,61,3821.5999999976198,3917.685790882338,96.08579088471834,40,96.08579088471834
858,39,-1,52,3826.2999999976155,3918.671134018234,92.37113402061868,39,92.37113402061868
859,40,-1,62,3821.5999999976198,3921.017475725775,99.4174757281553,40,99.4174757281553
860,40,-1,70,3821.5999999976198,3922.132959324408,100.53295932678839,40,100.53295932678839
861,39,-1,64,3821.5999999976198,3923.273758862868,101.67375886524815,39,101.67375886524815
862,40,-1,82,3826.2999999976155,3925.5797783909675,99.27977839335199,40,99.27977839335199
863,40,-1,73,3821.5999999976198,3930.2060606036803,108.60606060606051,40,108.60606060606051
864,40,-1,95,3826.2999999976155,3930.334833089052,104.03483309143667,40,104.03483309143667
865,41,-1,2,3826.2999999976155,3933.189352815987,106.88935281837166,41,106.88935281837166
866,40,-1,85,3826.2999999976155,3934.906060603676,108.60606060606051,40,108.60606060606051
867,40,-1,94,3826.2999999976155,3935.902446480796,109.6024464831803,40,109.6024464831803
868,40,-1,67,3821.5999999976198,3935.922169056631,114.32216905901123,40,114.32216905901123
869,40,-1,71,3821.5999999976198,3936.28799999762,114.6880000000001,40,114.6880000000001
870,40,-1,63,3821.5999999976198,3936.4717948694147,114.87179487179492,40,114.87179487179492
871,39,-1,55,3821.5999999976198,3937.9636363612562,116.36363636363649,39,116.36363636363649
872,40,-1,58,3821.5999999976198,3939.494736839725,117.89473684210543,40,117.89473684210543
873,40,-1,72,3821.5999999976198,3940.4723051385818,118.872305140962,40,118.872305140962
874,41,-1,69,3880.1999999975665,3951.5091921981234,71.30919220055694,41,71.30919220055694
875,40,-1,80,3852.099999997592,3968.842671007364,116.74267100977204,40,116.74267100977204
876,46,-1,67,3936.899999997515,3969.563476871518,32.66347687400321,46,32.66347687400321
877,46,-1,71,3936.899999997515,3969.667999997515,32.76800000000003,46,32.76800000000003
878,40,-1,50,3873.199999997573,3970.7238095213825,97.52380952380963,40,97.52380952380963
879,39,-1,21,3826.2999999976155,3974.093814430605,147.79381443298962,39,147.79381443298962
880,42,-1,59,3870.1999999975756,3978.806060603636,108.60606060606051,42,108.60606060606051
881,42,-1,68,3882.1999999975646,3982.59215686031,100.3921568627452,42,100.3921568627452
882,39,0,54,3797.6999999976415,3985.320016780542,187.62001678290062,39,0.0
883,41,-1,52,3919.6999999975305,3985.6793814408293,65.97938144329873,41,65.97938144329873
884,41,-1,10,3852.099999997592,3988.2702127635494,136.17021276595733,41,136.17021276595733
885,41,-1,23,3852.099999997592,3993.9282548452375,141.82825484764544,41,141.82825484764544
886,39,3,51,3809.6999999976306,3994.327588037808,184.62758804017722,39,0.0
887,39,1,60,3797.6999999976415,3994.7828998277396,197.08289983009809,39,0.0
888,40,-1,24,3852.099999997592,3998.3857142833062,146.28571428571422,40,146.28571428571422
889,40,-1,57,3908.6999999975405,4000.479769523789,91.7797695262484,40,91.7797695262484
890,42,-1,5,3852.099999997592,4001.7450939433124,149.64509394572042,42,149.64509394572042
891,42,-1,53,3915.699999997534,4008.6701686097263,92.97016861219208,42,92.97016861219208
892,41,-1,85,3935.899999997516,4013.4757575732733,77.5757575757575,41,77.5757575757575
893,41,-1,94,3936.899999997515,4015.187461771215,78.28746177370022,41,78.28746177370022
894,42,-1,61,3919.6999999975305,4015.785790882249,96.08579088471834,42,96.08579088471834
895,41,-1,16,3886.299999997561,4016.249238576241,129.94923857868025,41,129.94923857868025
896,41,-1,17,3886.299999997561,4018.942487044193,132.64248704663214,41,132.64248704663214
897,39,-1,62,3922.1999999975283,4021.6174757256836,99.4174757281553,39,99.4174757281553
898,44,-1,50,3971.3999999974835,4027.127891153946,55.72789115646265,44,55.72789115646265
899,42,-1,66,3910.6999999975387,4027.252845525994,116.55284552845524,42,116.55284552845524
900,46,-1,8,3964.29999999749,4037.7050179186367,73.40501792114674,46,73.40501792114674
901,46,-1,1,3964.29999999749,4039.871955717047,75.57195571955708,46,75.57195571955708
902,44,0,50,4027.3999999974326,4040.7025391769153,13.302539179482665,44,0.0
903,43,-1,10,3989.399999997467,4043.8680851038503,54.468085106383114,43,54.468085106383114
904,42,-1,11,3886.299999997561,4051.0816091929632,164.78160919540232,42,164.78160919540232
905,46,-1,23,3994.3999999974626,4051.1313019365207,56.731301939058085,46,56.731301939058085
906,39,-1,63,3936.899999997515,4051.77179486931,114.87179487179492,39,114.87179487179492
907,40,-1,69,3952.8999999975003,4052.73286907828,99.8328690807798,40,99.8328690807798
908,41,-1,13,3921.0999999975293,4054.087012984542,132.9870129870128,41,132.9870129870128
909,44,1,50,4040.7999999974204,4054.102539176903,13.302539179482665,44,0.0
910,46,-1,22,3964.29999999749,4054.1245614009986,89.8245614035086,46,89.8245614035086
911,40,2,67,3970.3999999974844,4054.330260536981,83.93026053949643,40,0.0
912,41,-1,68,3983.3999999974726,4055.108683470862,71.70868347338956,41,71.70868347338956
913,42,-1,55,3938.899999997513,4055.2636363611496,116.36363636363649,42,116.36363636363649
914,43,0,10,4044.399999997417,4056.3343275340862,11.934327536669116,43,0.0
915,42,-1,58,3939.899999997512,4057.7947368396176,117.89473684210543,42,117.89473684210543
916,46,-1,4,3964.29999999749,4060.450234739274,96.15023474178406,46,96.15023474178406
917,44,2,50,4054.199999997408,4067.502539176891,13.302539179482665,44,0.0
918,43,1,10,4056.399999997406,4068.3343275340753,11.934327536669116,43,0.0
919,42,-1,52,3986.39999999747,4078.7711340180886,92.37113402061868,42,92.37113402061868
920,43,2,10,4068.3999999973953,4080.3343275340644,11.934327536669116,43,0.0
921,44,3,50,4067.599999997396,4080.9025391768787,13.302539179482665,44,0.0
922,42,-1,54,3985.399999997471,4083.3234972652303,97.92349726775956,42,97.92349726775956
923,42,-1,2,3933.8999999975176,4083.545093943238,149.64509394572042,42,149.64509394572042
924,42,-1,71,3970.4999999974843,4085.1879999974844,114.6880000000001,42,114.6880000000001
925,40,-1,59,3979.3999999974762,4088.0060606035368,108.60606060606051,40,108.60606060606051
926,43,3,10,4080.3999999973844,4092.3343275340535,11.934327536669116,43,0.0
927,42,-1,56,3983.3999999974726,4092.3361702102384,108.93617021276577,42,108.93617021276577
928,42,-1,60,3995.3999999974617,4092.5273712711746,97.12737127371292,42,97.12737127371292
929,45,-1,57,4001.3999999974562,4093.1797695237046,91.7797695262484,45,91.7797695262484
930,44,4,50,4080.999999997384,4094.3025391768665,13.302539179482665,44,0.0
931,41,-1,70,4024.399999997435,4096.2092566594265,71.80925666199164,41,71.80925666199164
932,41,-1,50,4027.3999999974326,4097.059863943011,69.65986394557831,41,69.65986394557831
933,46,-1,10,4044.3999999974167,4098.8680851038,54.468085106383114,46,54.468085106383114
934,42,-1,65,4009.4999999974493,4102.349740930092,92.84974093264236,42,92.84974093264236
935,42,-1,51,3994.3999999974626,4104.002446480643,109.6024464831803,42,109.6024464831803
936,43,4,10,4092.3999999973735,4104.334327534043,11.93432753666957,43,0.0
937,40,3,71,3970.3999999974844,4105.996689244322,135.5966892468373,40,0.0
938,46,-1,13,4054.399999997408,4107.594805192213,53.19480519480521,46,53.19480519480521
939,44,5,50,4094.3999999973717,4107.702539176854,13.30253917948221,44,0.0
940,43,5,10,4104.3999999974,4116.334327534069,11.934327536669116,43,0.0
941,44,6,50,4107.799999997413,4121.102539176895,13.302539179482665,44,0.0
942,40,7,63,4052.39999999741,4121.440991433597,69.0409914361876,40,0.0
943,46,-1,6,4065.299999997398,4125.1830409330705,59.8830409356724,46,59.8830409356724
944,46,-1,18,4065.299999997398,4126.252380949779,60.952380952380736,46,60.952380952380736
945,43,6,10,4116.399999997444,4128.334327534113,11.934327536669116,43,0.0
946,40,4,65,4009.399999997449,4132.307584943434,122.90758494598549,40,0.0
947,44,7,50,4121.199999997461,4134.502539176944,13.302539179482665,44,0.0
948,40,8,67,4054.399999997408,4138.3302605369045,83.93026053949643,40,0.0
949,43,7,10,4128.399999997488,4140.334327534157,11.934327536669116,43,0.0
950,43,-1,90,4110.699999997423,4141.404647673585,30.704647676161585,43,30.704647676161585
951,45,-1,20,3921.0999999975293,4141.653846151376,220.55384615384628,45,220.55384615384628
952,40,0,82,3931.7999999975195,4141.82846745031,210.02846745279066,40,0.0
953,43,-1,94,4110.699999997423,4142.014984706903,31.314984709480086,43,31.314984709480086
954,43,-1,80,4110.699999997423,4144.055048857358,33.35504885993487,43,33.35504885993487
955,40,10,57,4094.3999999973717,4145.119083895881,50.719083898509325,40,0.0
956,46,-1,62,4122.699999997467,4151.104993062654,28.404993065187227,46,28.404993065187227
957,41,0,68,4055.399999997407,4152.029247179121,96.62924718171371,41,0.0
958,43,8,10,4140.399999997531,4152.3343275342,11.934327536669116,43,0.0
959,49,-1,6,4125.699999997478,4155.641520465314,29.9415204678362,49,29.9415204678362
960,48,-1,18,4126.699999997481,4157.176190473672,30.476190476190823,48,30.476190476190823
961,46,2,23,4051.3999999974108,4157.820048778219,106.42004878080797,46,0.0
962,40,1,95,3931.7999999975195,4158.291314070813,226.49131407329378,40,0.0
963,49,-1,3,4110.699999997423,4158.3279069741675,47.62790697674427,49,47.62790697674427
964,41,-1,60,4094.3999999973717,4163.776693764309,69.37669376693748,41,69.37669376693748
965,43,12,10,4152.399999997575,4164.334327534244,11.934327536669116,43,0.0
966,48,-1,20,4142.69999999754,4174.207692305232,31.507692307692196,48,31.507692307692196
967,39,-1,58,4058.3999999974044,4176.29473683951,117.89473684210543,39,117.89473684210543
968,43,13,10,4164.399999997619,4176.334327534288,11.934327536669116,43,0.0
969,42,3,59,4089.399999997376,4180.737175979561,91.33717598218436,42,0.0
970,40,6,73,4040.3999999974208,4183.036698298233,142.63669830081244,40,0.0
971,43,10,94,4142.69999999754,4185.630428841525,42.93042884398528,43,0.0
972,45,-1,7,3931.79999999752,4186.88896796905,255.0889679715301,45,255.0889679715301
973,43,14,10,4176.399999997662,4188.334327534331,11.934327536669116,43,0.0
974,46,1,1,4040.3999999974208,4189.378370758116,148.97837076069527,46,0.0
975,39,5,69,4053.399999997409,4190.097607154856,136.69760715744678,39,0.0
976,43,11,80,4144.699999997547,4193.408035934114,48.708035936567285,43,0.0
977,43,9,90,4141.699999997536,4194.267354509359,52.567354511823396,43,0.0
978,45,-1,50,4097.499999997375,4195.023809521184,97.52380952380918,45,97.52380952380918
979,39,4,64,4026.3999999974335,4197.2595133153445,170.85951331791102,39,0.0
980,46,0,8,4038.3999999974226,4206.450103301021,168.05010330359846,46,0.0
981,46,4,4,4061.3999999974017,4207.93217867555,146.53217867814828,46,0.0
982,40,9,72,4060.3999999974026,4210.328246838675,149.92824684127254,40,0.0
983,47,-1,63,4052.49999999741,4216.602564099974,164.10256410256397,47,164.10256410256397
984,46,3,22,4054.399999997408,4219.256546880472,164.8565468830643,46,0.0
985,41,3,50,4134.59999999751,4227.717774253888,93.11777425637774,41,0.0
986,40,5,85,4014.3999999974444,4227.992172672596,213.5921726751517,40,0.0
987,41,4,23,4158.699999997598,4233.194034144163,74.49403414656535,41,0.0
988,42,4,53,4103.399999997397,4233.27460660554,129.87460660814304,42,0.0
989,48,1,20,4174.699999997656,4241.813864817465,67.11386481980935,48,0.0
990,48,0,18,4157.699999997594,4243.227070020346,85.52707002275201,48,0.0
991,40,12,71,4110.699999997423,4246.29668924426,135.59668924683683,40,0.0
992,45,0,57,4145.699999997551,4247.138167794569,101.43816779701865,45,0.0
993,40,11,70,4110.699999997423,4253.026559925024,142.326559927601,40,0.0
994,40,13,65,4132.699999997503,4255.607584943488,122.90758494598504,40,0.0
995,39,6,63,4121.699999997463,4259.781982869838,138.0819828723752,39,0.0
996,42,0,5,4065.299999997398,4259.863138064983,194.563138067585,42,0.0
997,42,8,68,4152.699999997576,4263.133425348105,110.43342535052943,42,0.0
998,42,1,11,4065.299999997398,4274.440523721299,209.14052372390051,42,0.0
999,41,1,2,4110.699999997423,4275.437928236631,164.73792823920758,41,0.0
1000,42,6,56,4110.699999997423,4284.8293949505805,174.12939495315732,42,0.0
1001,41,5,69,4190.699999997714,4286.388325007927,95.6883250102128,41,0.0
1002,49,1,3,4158.699999997598,4287.769054753536,129.06905475593794,49,0.0
1003,49,0,6,4155.699999997587,4288.589266477326,132.8892664797395,49,0.0
1004,42,10,55,4173.699999997652,4293.364898184213,119.664898186561,42,0.0
1005,39,8,59,4180.799999997678,4294.971469975409,114.17146997773034,39,0.0
1006,42,2,61,4065.299999997398,4294.982278490305,229.68227849290724,42,0.0
1007,39,7,21,4123.6999999974705,4299.591088349,175.8910883515291,39,0.0
1008,46,6,62,4151.699999997572,4300.299448476717,148.59944847914448,46,0.0
1009,41,2,16,4110.699999997423,4302.007713343161,191.3077133457382,41,0.0
1010,47,-1,50,4165.499999997623,4304.819727888779,139.31972789115662,47,139.31972789115662
1011,46,5,67,4138.399999997524,4306.260521076517,167.86052107899286,46,0.0
1012,41,6,23,4233.199999997869,4307.694034144434,74.49403414656535,41,0.0
1013,46,7,10,4188.399999997706,4307.743275364399,119.34327536669298,46,0.0
1014,42,5,52,4110.699999997423,4311.542431459152,200.84243146172867,42,0.0
1015,47,0,50,4304.81999999895,4318.122539178433,13.302539179482665,47,0.0
1016,42,9,60,4164.69999999762,4322.366319861698,157.6663198640781,42,0.0
1017,42,7,66,4145.699999997551,4329.088760204748,183.38876020719727,42,0.0
1018,42,11,54,4182.699999997685,4332.796013424006,150.0960134263205,42,0.0
