bandwidth,computation_nodes,energy_consumption,storage_capacity
572,3.233880043029785,0.4324288711,471461
229,6.756101131439209,0.4836476423,150890
754,9.558387756347656,1.4996763559,8610
406,3.672790050506592,1.7691977312,231555
117,1.8581039905548096,1.3292943119,70883
622,7.18027400970459,0.7476210184,442627
593,9.666003227233887,0.1107398124,65583
74,1.8286900520324707,1.7829122834,336643
89,6.3943610191345215,0.2767606972,425079
509,8.758482933044434,0.4164858792,120398
444,9.508277893066406,0.582343269,404400
703,7.2183661460876465,0.7691388881,507784
749,2.455054998397827,1.7584473834,308769
253,3.218930959701538,0.6767108079,32807
89,1.6612520217895508,1.3432888141,295173
557,4.4340691566467285,1.3264576747,500913
138,7.435277938842773,0.7492782343,337403
448,6.921497821807861,0.7626311646,381204
598,4.997666835784912,0.8940265721,325016
624,5.138405799865723,0.2788784255,422457
38,1.229146957397461,1.1524766906,38522
418,7.6403889656066895,0.221406352,64894
309,3.8136260509490967,1.205122602,261958
265,7.56508207321167,1.7721701882,219462
243,6.895675182342529,1.8626469533,201519
319,6.004179000854492,1.2331786816,85947
660,5.4218668937683105,0.9630177835,492810
491,9.581908226013184,1.0411218561,233396
372,5.440176010131836,1.2983623665,15084
573,6.567502021789551,1.7487806129,194439
164,8.31898307800293,0.4330804486,133830
738,9.474609375,1.8452609901,179996
799,7.925057888031006,1.850892149,82707
118,7.079432010650635,0.8589967407,72958
92,4.425774097442627,1.4576415299,528591
575,2.6131019592285156,0.9423421444,215394
354,3.330272912979126,1.5004532685,309674
172,5.011553764343262,1.783367345,147229
58,9.321110725402832,0.7243775126,318770
313,8.657002449035645,0.8048664446,159696
668,8.643518447875977,1.2454270938,527730
800,1.4565249681472778,1.3635287687,296796
499,2.6393520832061768,1.4091355859,259326
778,1.393712043762207,1.0835949315,526560
582,1.350957989692688,0.4278279477,410389
99,1.7406660318374634,1.2810769083,377040
19,3.8620779514312744,1.3996872574,328849
782,6.068085193634033,0.4638855152,372373
295,5.09296178817749,0.3999981406,195528
401,4.543557167053223,2.0281483953,527011
