task_index,job_index,start_time,end_time,node_index
0,5,1706,3869,1
1,5,3869,6032,1
2,5,902,2682,3
3,5,2682,4462,3
4,5,4462,6242,3
5,5,2327,4353,9
6,5,4353,6379,9
0,3,1304,2151,13
1,3,2151,2998,13
0,4,622,1525,16
1,4,1525,2428,16
7,5,2938,4328,16
8,5,4328,5718,16
0,1,1234,1677,19
1,1,1677,2120,19
2,1,2120,2563,19
0,2,20,273,22
1,2,273,526,22
2,2,526,779,22
3,2,779,1032,22
9,5,1209,4536,30
2,4,298,1150,31
3,4,1150,2002,31
10,5,3187,4498,31
11,5,4498,5809,31
12,5,2710,6384,33
13,5,2093,4455,35
14,5,4455,6817,35
2,3,1186,1926,38
3,3,1926,2666,38
0,0,416,1154,41
1,0,1154,1892,41
2,0,1892,2630,41
3,0,260,1656,48
15,5,1744,5553,49
