job_index,start_time,end_time,node_index
3,76,77,1
12,77,174,1
13,174,184,1
14,184,252,1
4,57,189,3
5,189,321,3
6,321,505,3
14,505,689,3
0,59,60,4
7,60,171,4
10,171,282,4
7,81,184,5
14,566,746,5
12,569,756,8
15,54,241,8
8,68,111,9
9,375,410,9
11,520,580,9
14,120,240,11
12,0,171,15
12,333,444,18
11,33,134,19
12,184,447,22
12,0,197,23
14,77,154,24
3,83,90,25
8,366,373,25
9,511,517,25
10,916,922,25
14,1014,1024,25
11,162,173,26
12,2,17,26
10,121,128,28
10,20,26,29
11,339,350,29
12,872,887,29
15,175,190,29
7,47,53,30
11,53,63,30
12,63,64,30
8,108,115,32
11,115,125,32
12,125,139,32
6,79,90,33
8,474,482,33
1,111,112,34
2,292,302,34
3,752,759,34
10,999,1005,34
8,84,85,36
10,85,92,36
3,45,53,39
7,8,15,40
3,7,16,41
10,498,504,43
3,6,13,45
