task_index,job_index,start_time,end_time,node_index
0,8,342,442,0
1,8,442,542,0
0,3,354,364,1
1,3,364,374,1
2,3,374,384,1
3,3,384,394,1
4,3,394,404,1
5,3,404,414,1
0,18,414,494,1
1,18,494,574,1
0,22,163,263,2
1,22,263,363,2
2,22,363,463,2
0,33,463,543,2
2,18,64,144,3
3,18,144,224,3
4,18,224,304,3
5,18,304,384,3
6,18,384,464,3
7,18,464,544,3
0,10,149,249,4
1,10,249,349,4
2,10,349,449,4
3,10,449,549,4
8,18,14,94,4
0,19,199,269,5
1,19,269,339,5
2,19,339,409,5
3,19,409,479,5
4,19,479,549,5
0,6,52,53,6
1,6,53,54,6
2,6,54,55,6
3,6,55,56,6
4,6,56,57,6
5,6,57,58,6
6,6,58,59,6
7,6,59,60,6
8,6,60,61,6
9,6,61,62,6
10,6,62,63,6
2,8,180,280,6
3,8,280,380,6
4,10,436,536,6
0,5,460,470,7
1,5,470,480,7
2,5,480,490,7
3,5,490,500,7
4,5,500,510,7
5,5,510,520,7
6,5,520,530,7
7,5,530,540,7
8,5,540,550,7
9,5,550,560,7
10,5,560,570,7
0,7,84,134,7
1,7,134,184,7
0,20,184,264,7
1,20,264,344,7
5,19,203,273,8
0,35,273,373,8
1,35,373,473,8
2,35,473,573,8
5,10,263,363,9
6,10,475,575,9
4,8,446,546,10
2,20,223,303,10
3,20,303,383,10
0,11,37,87,11
1,11,87,137,11
2,11,137,187,11
6,19,495,565,11
4,20,187,267,11
5,20,267,347,11
6,20,347,427,11
0,9,198,298,12
1,9,458,558,12
7,10,98,198,12
7,20,298,378,12
8,20,378,458,12
5,8,86,186,13
6,8,266,366,13
0,12,463,563,13
0,32,186,266,13
7,8,56,156,14
1,12,476,576,14
9,20,156,236,14
10,20,236,316,14
1,32,396,476,14
0,15,25,75,15
1,15,75,125,15
2,15,125,175,15
3,15,175,225,15
4,15,225,275,15
5,15,275,325,15
6,15,325,375,15
7,15,375,425,15
8,15,425,475,15
9,15,475,525,15
10,15,525,575,15
0,16,107,187,16
1,16,187,267,16
2,16,267,347,16
3,16,347,427,16
4,16,427,507,16
0,17,94,194,17
1,17,194,294,17
2,17,294,394,17
3,17,394,494,17
2,32,494,574,17
8,8,442,542,18
2,12,342,442,18
9,8,89,189,19
8,10,302,402,19
9,10,402,502,19
3,32,189,269,19
7,19,212,282,20
8,19,362,432,20
4,32,282,362,20
0,37,446,516,20
0,24,273,473,21
3,35,55,255,21
0,21,512,513,22
1,21,513,514,22
2,21,514,515,22
3,21,515,516,22
4,21,516,517,22
5,21,517,518,22
6,21,518,519,22
7,21,519,520,22
8,21,520,521,22
9,21,521,522,22
10,21,522,523,22
11,21,523,524,22
12,21,524,525,22
13,21,525,526,22
14,21,526,527,22
15,21,527,528,22
16,21,528,529,22
17,21,529,530,22
10,8,86,186,23
11,8,186,286,23
12,8,286,386,23
1,37,428,498,23
2,37,498,568,23
0,0,120,220,50
0,1,270,350,50
1,1,350,430,50
2,1,430,510,50
11,5,220,230,50
12,5,230,240,50
13,5,240,250,50
14,5,250,260,50
15,5,260,270,50
16,5,510,520,50
17,5,520,530,50
0,23,60,61,50
1,23,61,62,50
2,23,62,63,50
3,23,63,64,50
4,23,64,65,50
5,23,65,66,50
6,23,66,67,50
7,23,67,68,50
8,23,68,69,50
9,23,69,70,50
10,23,70,71,50
11,23,71,72,50
12,23,72,73,50
13,23,73,74,50
14,23,74,75,50
15,23,75,76,50
16,23,76,77,50
3,12,31,131,51
4,12,131,231,51
5,12,231,331,51
6,12,331,431,51
7,12,431,531,51
1,0,165,265,52
0,4,115,165,52
10,10,475,575,52
9,19,265,335,52
10,19,335,405,52
11,19,405,475,52
0,25,15,25,52
1,25,25,35,52
2,25,35,45,52
3,25,45,55,52
4,25,55,65,52
5,25,65,75,52
6,25,75,85,52
7,25,85,95,52
8,25,95,105,52
9,25,105,115,52
2,0,149,249,53
3,0,249,349,53
4,0,349,449,53
1,4,519,569,53
0,26,29,39,53
1,26,39,49,53
2,26,49,59,53
3,26,59,69,53
4,26,69,79,53
5,26,79,89,53
6,26,89,99,53
7,26,99,109,53
8,26,109,119,53
9,26,119,129,53
10,26,129,139,53
11,26,139,149,53
3,37,449,519,53
1,24,28,228,54
2,24,228,428,54
2,4,368,418,55
0,13,418,468,55
0,14,58,128,55
9,18,478,558,55
0,27,29,30,55
1,27,30,31,55
2,27,31,32,55
3,27,32,33,55
4,27,33,34,55
5,27,34,35,55
6,27,35,36,55
7,27,36,37,55
8,27,37,38,55
9,27,38,39,55
10,27,39,40,55
11,27,40,41,55
12,27,41,42,55
13,27,42,43,55
14,27,43,44,55
15,27,44,45,55
16,27,45,46,55
5,32,128,208,55
6,32,208,288,55
7,32,288,368,55
3,4,410,460,56
1,13,192,242,56
2,13,242,292,56
1,14,340,410,56
0,28,4,5,56
1,28,5,6,56
2,28,6,7,56
1,33,32,112,56
2,33,112,192,56
0,36,460,560,56
3,13,515,565,57
3,24,335,435,57
0,29,3,4,57
1,29,4,5,57
2,29,5,6,57
3,29,6,7,57
4,29,7,8,57
5,29,8,9,57
6,29,9,10,57
7,29,10,11,57
8,29,11,12,57
9,29,12,13,57
10,29,13,14,57
11,29,14,15,57
8,32,105,185,57
9,32,185,265,57
3,33,435,515,57
4,37,35,105,57
5,37,265,335,57
0,2,280,360,58
1,2,360,440,58
4,13,520,570,58
4,24,180,280,58
0,30,27,28,58
1,30,28,29,58
2,30,29,30,58
3,30,30,31,58
4,30,31,32,58
5,30,32,33,58
6,30,33,34,58
7,30,34,35,58
8,30,35,36,58
9,30,36,37,58
10,30,37,38,58
11,30,38,39,58
12,30,39,40,58
13,30,40,41,58
14,30,41,42,58
15,30,42,43,58
4,33,440,520,58
1,36,80,180,58
11,10,244,344,59
0,31,54,64,59
1,31,64,74,59
2,31,74,84,59
3,31,84,94,59
4,31,94,104,59
5,33,378,458,59
2,36,458,558,59
6,37,104,174,59
7,37,174,244,59
5,13,156,206,60
2,14,236,306,60
5,24,306,406,60
3,36,56,156,60
8,37,406,476,60
4,4,174,224,61
2,9,324,424,61
3,14,34,104,61
12,19,104,174,61
10,32,424,504,61
4,36,224,324,61
6,13,272,322,62
4,14,472,542,62
6,24,172,272,62
0,34,32,42,62
1,34,42,52,62
2,34,52,62,62
3,34,62,72,62
4,34,72,82,62
5,34,82,92,62
6,34,92,102,62
7,34,102,112,62
8,34,112,122,62
9,34,122,132,62
10,34,132,142,62
11,34,142,152,62
12,34,152,162,62
13,34,162,172,62
5,4,514,564,63
3,9,14,114,63
4,9,114,214,63
5,9,214,314,63
4,35,314,414,63
5,35,414,514,63
6,4,68,118,64
7,4,118,168,64
7,13,438,488,64
5,14,368,438,64
9,37,488,558,64
8,4,163,213,65
9,4,213,263,65
6,14,263,333,65
5,36,63,163,65
10,37,333,403,65
2,2,102,182,66
8,13,182,232,66
9,13,332,382,66
7,14,32,102,66
7,24,432,532,66
6,36,232,332,66
0,38,4,5,66
1,38,5,6,66
2,38,6,7,66
3,38,7,8,66
4,38,8,9,66
5,38,9,10,66
6,38,10,11,66
7,38,11,12,66
8,38,12,13,66
7,36,55,255,67
8,36,255,455,67
3,2,357,437,68
4,2,437,517,68
10,4,517,567,68
10,13,207,257,68
8,14,37,107,68
11,20,277,357,68
8,24,107,207,68
0,39,8,9,68
1,39,9,10,68
2,39,10,11,68
3,39,11,12,68
4,39,12,13,68
5,39,13,14,68
6,39,14,15,68
7,39,15,16,68
5,0,353,453,69
11,13,263,313,69
9,14,113,183,69
6,33,183,263,69
9,36,453,553,69
0,40,33,113,69
6,0,259,359,70
7,0,359,459,70
8,0,459,559,70
5,2,170,250,70
10,14,30,100,70
11,14,100,170,70
12,13,237,287,71
13,13,437,487,71
12,14,27,97,71
13,14,97,167,71
14,14,167,237,71
7,33,357,437,71
11,37,487,557,71
11,4,67,117,72
14,13,514,564,72
15,14,134,204,72
16,14,204,274,72
17,14,274,344,72
18,14,344,414,72
10,36,414,514,72
12,4,264,314,73
15,13,513,563,73
12,20,314,394,73
11,32,4,84,73
12,32,84,164,73
11,36,164,264,73
12,36,413,513,73
13,32,3,483,74
14,32,3,483,75
16,13,63,413,80
15,32,4,484,86
13,20,8,488,88
8,33,32,512,91
17,13,62,412,96
